"url","type","action","status_note"
"https://winch-elsuez.com/","core","keep","core/hub"
"https://winch-elsuez.com/about/","core","keep","core/hub"
"https://winch-elsuez.com/services/","core","keep","core/hub"
"https://winch-elsuez.com/areas/","core","keep","core/hub"
"https://winch-elsuez.com/articles/","articles","keep","core/hub"
"https://winch-elsuez.com/contact/","core","keep","core/hub"
"https://winch-elsuez.com/call/","core","keep","core/hub"
"https://winch-elsuez.com/articles/quick-action-guide-highway-breakdown/","articles","keep","real guide"
"https://winch-elsuez.com/articles/how-to-choose-safe-tow-truck/","articles","keep","real guide"
"https://winch-elsuez.com/articles/engine-overheating-mountain-descent-tips/","articles","keep","real guide"
"https://winch-elsuez.com/articles/safe-car-battery-jump-start/","articles","keep","real guide"
"https://winch-elsuez.com/articles/coastal-desert-tire-repair-guide/","articles","keep","real guide"
"https://winch-elsuez.com/articles/customs-unplated-car-transport-protocol/","articles","keep","real guide"
"https://winch-elsuez.com/articles/winch-cars-suez-2/","articles","noindex-then-410","doorway/thin duplicate"
"https://winch-elsuez.com/articles/winch-cars-ain-sokhna-2/","articles","noindex-then-410","doorway/thin duplicate"
"https://winch-elsuez.com/articles/car-rescue-winch-enqaz/","articles","noindex-then-410","doorway/thin duplicate"
"https://winch-elsuez.com/articles/winch-rescue-suez/","articles","noindex-then-410","doorway/thin duplicate"
"https://winch-elsuez.com/articles/winch-cars-ain-sokhna-road-2/","articles","noindex-then-410","doorway/thin duplicate"
"https://winch-elsuez.com/articles/winch-enqaz-info/","articles","noindex-then-410","doorway/thin duplicate"
"https://winch-elsuez.com/articles/winch-car-transport-suez/","articles","noindex-then-410","doorway/thin duplicate"
"https://winch-elsuez.com/articles/winch-car-transport-ain-sokhna/","articles","noindex-then-410","doorway/thin duplicate"
"https://winch-elsuez.com/articles/highway-car-rescue-winch/","articles","noindex-then-410","doorway/thin duplicate"
"https://winch-elsuez.com/articles/winch-accident-cars-suez/","articles","noindex-then-410","doorway/thin duplicate"
"https://winch-elsuez.com/articles/winch-cars-suez-3/","articles","noindex-then-410","doorway/thin duplicate"
"https://winch-elsuez.com/articles/winch-cars-porto-sokhna/","articles","noindex-then-410","doorway/thin duplicate"
"https://winch-elsuez.com/articles/winch-cars-attaka-suez/","articles","noindex-then-410","doorway/thin duplicate"
"https://winch-elsuez.com/articles/winch-cars-galala-ain-sokhna/","articles","noindex-then-410","doorway/thin duplicate"
"https://winch-elsuez.com/articles/winch-cars-faisal-suez/","articles","noindex-then-410","doorway/thin duplicate"
"https://winch-elsuez.com/articles/winch-cars-zaafarana-ain-sokhna/","articles","noindex-then-410","doorway/thin duplicate"
"https://winch-elsuez.com/articles/winch-cars-new-suez/","articles","noindex-then-410","doorway/thin duplicate"
"https://winch-elsuez.com/articles/winch-cars-suez-Industrial Zone/","articles","noindex-then-410","doorway/thin duplicate"
"https://winch-elsuez.com/articles/winch-cars-suez-Adabeya/","articles","410","typo/junk/broken"
"https://winch-elsuez.com/articles/winch-cars-suez/","articles","noindex-then-410","doorway/thin duplicate"
"https://winch-elsuez.com/articles/winch-cars-hay-el-arbaeen/","articles","noindex-then-410","doorway/thin duplicate"
"https://winch-elsuez.com/articles/winch-cars-hay-faisal-suez/","articles","noindex-then-410","doorway/thin duplicate"
"https://winch-elsuez.com/articles/winch-cars-hay-suez/","articles","noindex-then-410","doorway/thin duplicate"
"https://winch-elsuez.com/articles/winch-cars-ataqa/","articles","noindex-then-410","doorway/thin duplicate"
"https://winch-elsuez.com/articles/winch-cars-el-ganayen/","articles","noindex-then-410","doorway/thin duplicate"
"https://winch-elsuez.com/articles/winch-cars-ain-sokhna/","articles","noindex-then-410","doorway/thin duplicate"
"https://winch-elsuez.com/articles/winch-cars-ain-sokhna-road/","articles","noindex-then-410","doorway/thin duplicate"
"https://winch-elsuez.com/articles/winch-cars-zaafarana/","articles","noindex-then-410","doorway/thin duplicate"
"https://winch-elsuez.com/articles/winch-cars-galala/","articles","noindex-then-410","doorway/thin duplicate"
"https://winch-elsuez.com/articles/winch-cars-katameya-ain-sokhna-road/","articles","noindex-then-410","doorway/thin duplicate"
"https://winch-elsuez.com/articles/winch-cars-galala-road/","articles","noindex-then-410","doorway/thin duplicate"
"https://winch-elsuez.com/articles/winch-cars-galala-city/","articles","noindex-then-410","doorway/thin duplicate"
"https://winch-elsuez.com/articles/winch-cars-galala-university/","articles","noindex-then-410","doorway/thin duplicate"
"https://winch-elsuez.com/articles/winch-cars-adabiya/","articles","noindex-then-410","doorway/thin duplicate"
"https://winch-elsuez.com/articles/winch-cars-tagamoa-khamis/","articles","noindex-then-410","doorway/thin duplicate"
"https://winch-elsuez.com/articles/winch-cars-tagamoa-awal/","articles","noindex-then-410","doorway/thin duplicate"
"https://winch-elsuez.com/articles/winch-cars-tagamoa-third/","articles","noindex-then-410","doorway/thin duplicate"
"https://winch-elsuez.com/articles/winch-enqaz-cars/","articles","noindex-then-410","doorway/thin duplicate"
"https://winch-elsuez.com/articles/best-winch-enqaz-cars/","articles","noindex-then-410","doorway/thin duplicate"
"https://winch-elsuez.com/articles/winch-cars-madinaty/","articles","noindex-then-410","doorway/thin duplicate"
"https://winch-elsuez.com/articles/winch-cars-rehab/","articles","noindex-then-410","doorway/thin duplicate"
"https://winch-elsuez.com/articles/winch-cars-north-coast/","articles","noindex-then-410","doorway/thin duplicate"
"https://winch-elsuez.com/articles/winch-cars-6-october/","articles","noindex-then-410","doorway/thin duplicate"
"https://winch-elsuez.com/articles/winch-cars-sheikh-zayed/","articles","noindex-then-410","doorway/thin duplicate"
"https://winch-elsuez.com/articles/winch-cars-nasr-city/","articles","noindex-then-410","doorway/thin duplicate"
"https://winch-elsuez.com/articles/winch-cars-mokattam/","articles","noindex-then-410","doorway/thin duplicate"
"https://winch-elsuez.com/articles/winch-cars-new-cairo/","articles","noindex-then-410","doorway/thin duplicate"
"https://winch-elsuez.com/articles/winch-enqaz-shorouk/","articles","noindex-then-410","doorway/thin duplicate"
"https://winch-elsuez.com/articles/winch-enqaz-badr/","articles","noindex-then-410","doorway/thin duplicate"
"https://winch-elsuez.com/articles/winch-enqaz-ain-shams/","articles","noindex-then-410","doorway/thin duplicate"
"https://winch-elsuez.com/articles/winch-enqaz-marg/","articles","noindex-then-410","doorway/thin duplicate"
"https://winch-elsuez.com/articles/winch-enqaz-matareya/","articles","noindex-then-410","doorway/thin duplicate"
"https://winch-elsuez.com/articles/winch-enqaz-helwan/","articles","noindex-then-410","doorway/thin duplicate"
"https://winch-elsuez.com/articles/winch-enqaz-maasara/","articles","noindex-then-410","doorway/thin duplicate"
"https://winch-elsuez.com/articles/winch-enqaz-shubra-el-kheima/","articles","noindex-then-410","doorway/thin duplicate"
"https://winch-elsuez.com/articles/winch-enqaz-qanater-el-khairiya/","articles","noindex-then-410","doorway/thin duplicate"
"https://winch-elsuez.com/articles/winch-enqaz-15-may/","articles","noindex-then-410","doorway/thin duplicate"
"https://winch-elsuez.com/articles/winch-enqaz-10th-ramadan/","articles","noindex-then-410","doorway/thin duplicate"
"https://winch-elsuez.com/articles/winch-enqaz-tagamoa-awal/","articles","noindex-then-410","doorway/thin duplicate"
"https://winch-elsuez.com/articles/winch-enqaz-tagamoa-3/","articles","noindex-then-410","doorway/thin duplicate"
"https://winch-elsuez.com/articles/winch-enqaz-kattameya/","articles","noindex-then-410","doorway/thin duplicate"
"https://winch-elsuez.com/articles/winch-enqaz-zahraa-maadi/","articles","noindex-then-410","doorway/thin duplicate"
"https://winch-elsuez.com/articles/winch-enqaz-sakr-quraish/","articles","noindex-then-410","doorway/thin duplicate"
"https://winch-elsuez.com/articles/winch-enqaz-ain-sokhna-road/","articles","noindex-then-410","doorway/thin duplicate"
"https://winch-elsuez.com/articles/winch-enqaz-el-salam/","articles","noindex-then-410","doorway/thin duplicate"
"https://winch-elsuez.com/articles/winch-enqaz-sheraton/","articles","noindex-then-410","doorway/thin duplicate"
"https://winch-elsuez.com/articles/winch-enqaz-nozha/","articles","noindex-then-410","doorway/thin duplicate"
"https://winch-elsuez.com/articles/winch-enqaz-alexandria/","articles","noindex-then-410","doorway/thin duplicate"
"https://winch-elsuez.com/articles/winch-enqaz-north-coast/","articles","noindex-then-410","doorway/thin duplicate"
"https://winch-elsuez.com/articles/winch-enqaz-obour/","articles","noindex-then-410","doorway/thin duplicate"
"https://winch-elsuez.com/articles/winch-enqaz-mokattam/","articles","noindex-then-410","doorway/thin duplicate"
"https://winch-elsuez.com/articles/winch-enqaz-ain-sokhna/","articles","noindex-then-410","doorway/thin duplicate"
"https://winch-elsuez.com/articles/winch-enqaz-tagamoa-5/","articles","noindex-then-410","doorway/thin duplicate"
"https://winch-elsuez.com/articles/winch-enqaz-sheikh-zayed/","articles","noindex-then-410","doorway/thin duplicate"
"https://winch-elsuez.com/articles/winch-enqaz-24-hours-cairo-giza/","articles","noindex-then-410","doorway/thin duplicate"
"https://winch-elsuez.com/articles/winch-enqaz-masr-el-gedida/","articles","noindex-then-410","doorway/thin duplicate"
"https://winch-elsuez.com/articles/winch-enqaz-new-capital/","articles","noindex-then-410","doorway/thin duplicate"
"https://winch-elsuez.com/articles/winch-enqaz-al-rehab/","articles","noindex-then-410","doorway/thin duplicate"
"https://winch-elsuez.com/articles/winch-enqaz-madinaty/","articles","noindex-then-410","doorway/thin duplicate"
"https://winch-elsuez.com/articles/winch-enqaz-suez-road/","articles","noindex-then-410","doorway/thin duplicate"
"https://winch-elsuez.com/articles/winch-enqaz-6-october/","articles","noindex-then-410","doorway/thin duplicate"
"https://winch-elsuez.com/articles/winch-enqaz-abbassia/","articles","noindex-then-410","doorway/thin duplicate"
"https://winch-elsuez.com/articles/car-rescue-services-mokattam/","articles","noindex-then-410","doorway/thin duplicate"
"https://winch-elsuez.com/articles/car-rescue-services-heliopolis/","articles","noindex-then-410","doorway/thin duplicate"
"https://winch-elsuez.com/articles/winch-rescue-sheraton/","articles","noindex-then-410","doorway/thin duplicate"
"https://winch-elsuez.com/articles/winch-rescue-tagamoa-awal/","articles","noindex-then-410","doorway/thin duplicate"
"https://winch-elsuez.com/articles/winch-rescue-tagamoa-talat/","articles","noindex-then-410","doorway/thin duplicate"
"https://winch-elsuez.com/articles/winch-rescue-maadi/","articles","noindex-then-410","doorway/thin duplicate"
"https://winch-elsuez.com/articles/winch-rescue-zahraa-el-maadi/","articles","noindex-then-410","doorway/thin duplicate"
"https://winch-elsuez.com/articles/winch-rescue-faisal/","articles","noindex-then-410","doorway/thin duplicate"
"https://winch-elsuez.com/articles/winch-rescue-reh/","articles","410","typo/junk/broken"
"https://winch-elsuez.com/articles/zayed-car-rescue-services/","articles","noindex-then-410","doorway/thin duplicate"
"https://winch-elsuez.com/articles/ain-sokhna-car-rescue-service/","articles","noindex-then-410","doorway/thin duplicate"
"https://winch-elsuez.com/articles/sokhna-port-car-rescue-service/","articles","noindex-then-410","doorway/thin duplicate"
"https://winch-elsuez.com/articles/porto-sokhna-car-rescue-service/","articles","noindex-then-410","doorway/thin duplicate"
"https://winch-elsuez.com/articles/sokhna-road-car-rescue-service/","articles","noindex-then-410","doorway/thin duplicate"
"https://winch-elsuez.com/articles/-24-/","articles","410","typo/junk/broken"
"https://winch-elsuez.com/articles/sokhna-zaafarana-road-car-rescue-service/","articles","noindex-then-410","doorway/thin duplicate"
"https://winch-elsuez.com/articles/quarries-road-ain-sokhna-car-rescue-service/","articles","noindex-then-410","doorway/thin duplicate"
"https://winch-elsuez.com/articles/car-rescue-services-marsa-matrouh/","articles","noindex-then-410","doorway/thin duplicate"
"https://winch-elsuez.com/articles/car-rescue-services-suez/","articles","noindex-then-410","doorway/thin duplicate"
"https://winch-elsuez.com/articles/winch-rescue-sokhna-1/","articles","noindex-then-410","doorway/thin duplicate"
"https://winch-elsuez.com/articles/winch-rescue-galala-road/","articles","noindex-then-410","doorway/thin duplicate"
"https://winch-elsuez.com/articles/winch-rescue-sharm-el-sheikh/","articles","noindex-then-410","doorway/thin duplicate"
"https://winch-elsuez.com/articles/winch-rescue-suez-road/","articles","noindex-then-410","doorway/thin duplicate"
"https://winch-elsuez.com/articles/winch-rescue-porto-sokhna/","articles","noindex-then-410","doorway/thin duplicate"
"https://winch-elsuez.com/articles/winch-rescue-sokhna-road/","articles","noindex-then-410","doorway/thin duplicate"
"https://winch-elsuez.com/articles/car-rescue-zamalek/","articles","noindex-then-410","doorway/thin duplicate"
"https://winch-elsuez.com/articles/car-rescue-warraq/","articles","noindex-then-410","doorway/thin duplicate"
"https://winch-elsuez.com/articles/car-rescue-shubra-el-kheima/","articles","noindex-then-410","doorway/thin duplicate"
"https://winch-elsuez.com/articles/car-rescue-nile-corniche/","articles","noindex-then-410","doorway/thin duplicate"
"https://winch-elsuez.com/articles/car-rescue-imbaba/","articles","noindex-then-410","doorway/thin duplicate"
"https://winch-elsuez.com/articles/car-rescue-ard-el-liwa/","articles","noindex-then-410","doorway/thin duplicate"
"https://winch-elsuez.com/articles/car-rescue-cairo-university/","articles","noindex-then-410","doorway/thin duplicate"
"https://winch-elsuez.com/articles/car-rescue-haram-street/","articles","noindex-then-410","doorway/thin duplicate"
"https://winch-elsuez.com/articles/car-rescue-faisal-street/","articles","noindex-then-410","doorway/thin duplicate"
"https://winch-elsuez.com/articles/car-rescue-giza-square/","articles","noindex-then-410","doorway/thin duplicate"
"https://winch-elsuez.com/articles/mariotya-car-rescue-services/","articles","noindex-then-410","doorway/thin duplicate"
"https://winch-elsuez.com/articles/haram-car-rescue-services/","articles","noindex-then-410","doorway/thin duplicate"
"https://winch-elsuez.com/articles/dokki-car-rescue-services/","articles","noindex-then-410","doorway/thin duplicate"
"https://winch-elsuez.com/articles/talbia-car-rescue-services/","articles","noindex-then-410","doorway/thin duplicate"
"https://winch-elsuez.com/articles/giza-city-car-rescue-services/","articles","noindex-then-410","doorway/thin duplicate"
"https://winch-elsuez.com/articles/october-car-rescue-services/","articles","noindex-then-410","doorway/thin duplicate"
"https://winch-elsuez.com/articles/mehwar-car-rescue-services/","articles","noindex-then-410","doorway/thin duplicate"
"https://winch-elsuez.com/articles/hadaeq-alahram-car-rescue-services/","articles","noindex-then-410","doorway/thin duplicate"
"https://winch-elsuez.com/articles/faisal-car-rescue-services/","articles","noindex-then-410","doorway/thin duplicate"
"https://winch-elsuez.com/articles/mariotya-car-rescue-service/","articles","noindex-then-410","doorway/thin duplicate"
"https://winch-elsuez.com/articles/6-october-car-rescue-services/","articles","noindex-then-410","doorway/thin duplicate"
"https://winch-elsuez.com/articles/winch-rescue-helmeyet-el-zaitoun/","articles","noindex-then-410","doorway/thin duplicate"
"https://winch-elsuez.com/articles/winch-rescue-katameya/","articles","noindex-then-410","doorway/thin duplicate"
"https://winch-elsuez.com/articles/winch-rescue-ring-road/","articles","noindex-then-410","doorway/thin duplicate"
"https://winch-elsuez.com/articles/winch-rescue-salah-salem/","articles","noindex-then-410","doorway/thin duplicate"
"https://winch-elsuez.com/articles/winch-rescue-autostrad-road/","articles","noindex-then-410","doorway/thin duplicate"
"https://winch-elsuez.com/articles/winch-rescue-saqr-quraysh/","articles","noindex-then-410","doorway/thin duplicate"
"https://winch-elsuez.com/articles/winch-rescue-bab-el-shaaria/","articles","noindex-then-410","doorway/thin duplicate"
"https://winch-elsuez.com/articles/winch-rescue-sayeda-zeinab/","articles","noindex-then-410","doorway/thin duplicate"
"https://winch-elsuez.com/articles/winch-rescue-sayeda-aisha/","articles","noindex-then-410","doorway/thin duplicate"
"https://winch-elsuez.com/articles/winch-rescue-abbas-el-akkad-nasr-city/","articles","noindex-then-410","doorway/thin duplicate"
"https://winch-elsuez.com/articles/winch-rescue-nuweiba/","articles","noindex-then-410","doorway/thin duplicate"
"https://winch-elsuez.com/articles/winch-rescue-dahab/","articles","noindex-then-410","doorway/thin duplicate"
"https://winch-elsuez.com/articles/best-fastest-car-recove/","articles","410","typo/junk/broken"
"https://winch-elsuez.com/articles/top-car-recovery-services/","articles","noindex-then-410","doorway/thin duplicate"
"https://winch-elsuez.com/articles/best-reliable-car-recovery/","articles","noindex-then-410","doorway/thin duplicate"
"https://winch-elsuez.com/articles/fast-car-recovery-services/","articles","noindex-then-410","doorway/thin duplicate"
"https://winch-elsuez.com/articles/omplete-guide-car-recovery/","articles","410","typo/junk/broken"
"https://winch-elsuez.com/articles/how-to-choose-fast-car-recovery/","articles","noindex-then-410","doorway/thin duplicate"
"https://winch-elsuez.com/articles/24-7-best-car-recovery-service/","articles","noindex-then-410","doorway/thin duplicate"
"https://winch-elsuez.com/articles/reliable-car-recovery-experts/","articles","noindex-then-410","doorway/thin duplicate"
"https://winch-elsuez.com/articles/fast-reliable-car-recovery-anytime/","articles","noindex-then-410","doorway/thin duplicate"
"https://winch-elsuez.com/articles/ultimate-car-recovery-solution/","articles","noindex-then-410","doorway/thin duplicate"
"https://winch-elsuez.com/articles/est-fastest-car-rescue-services/","articles","410","typo/junk/broken"
"https://winch-elsuez.com/articles/complete-guide-best-car-rescue-winch/","articles","410","typo/junk/broken"
"https://winch-elsuez.com/articles/professional-guide-best-car-rescue/","articles","noindex-then-410","doorway/thin duplicate"
"https://winch-elsuez.com/articles/how-to-get-fastest-car-rescue-winch/","articles","noindex-then-410","doorway/thin duplicate"
"https://winch-elsuez.com/articles/secrets-choosing-best-car-rescue-winch/","articles","noindex-then-410","doorway/thin duplicate"
"https://winch-elsuez.com/articles/fastest-car-rescue-complete-guide/","articles","410","typo/junk/broken"
"https://winch-elsuez.com/articles/why-best-car-rescue-winch-important/","articles","noindex-then-410","doorway/thin duplicate"
"https://winch-elsuez.com/articles/choose-fastest-car-rescue-professionally/","articles","noindex-then-410","doorway/thin duplicate"
"https://winch-elsuez.com/articles/best-car-rescue-24-7-services/","articles","noindex-then-410","doorway/thin duplicate"
"https://winch-elsuez.com/articles/verything-about-best-car-rescue-services/","articles","410","typo/junk/broken"
"https://winch-elsuez.com/articles/best-fastest-car-rescue-winch-service/","articles","410","typo/junk/broken"
"https://winch-elsuez.com/articles/top-best-fastest-car-rescue-service/","articles","410","typo/junk/broken"
"https://winch-elsuez.com/articles/winch-rescue-gesr-elsuez/","articles","noindex-then-410","doorway/thin duplicate"
"https://winch-elsuez.com/articles/ismailia-car-rescue-winch/","articles","noindex-then-410","doorway/thin duplicate"
"https://winch-elsuez.com/articles/aswan-car-rescue-winch/","articles","noindex-then-410","doorway/thin duplicate"
"https://winch-elsuez.com/articles/assiut-car-rescue-winch/","articles","noindex-then-410","doorway/thin duplicate"
"https://winch-elsuez.com/articles/beheira-car-rescue-winch/","articles","noindex-then-410","doorway/thin duplicate"
"https://winch-elsuez.com/articles/dakahlia-car-rescue-winch/","articles","noindex-then-410","doorway/thin duplicate"
"https://winch-elsuez.com/articles/damietta-car-rescue-winch/","articles","noindex-then-410","doorway/thin duplicate"
"https://winch-elsuez.com/articles/suez-car-rescue-winch/","articles","noindex-then-410","doorway/thin duplicate"
"https://winch-elsuez.com/articles/sharqia-car-rescue-winch/","articles","noindex-then-410","doorway/thin duplicate"
"https://winch-elsuez.com/articles/gharbia-car-rescue-winch/","articles","noindex-then-410","doorway/thin duplicate"
"https://winch-elsuez.com/articles/car-rescue-services-fayoum/","articles","noindex-then-410","doorway/thin duplicate"
"https://winch-elsuez.com/articles/car-rescue-services-qalyubia/","articles","noindex-then-410","doorway/thin duplicate"
"https://winch-elsuez.com/articles/car-rescue-services-kafr-el-sheikh/","articles","noindex-then-410","doorway/thin duplicate"
"https://winch-elsuez.com/articles/car-rescue-services-monufia/","articles","noindex-then-410","doorway/thin duplicate"
"https://winch-elsuez.com/articles/car-rescue-services-new-valley/","articles","noindex-then-410","doorway/thin duplicate"
"https://winch-elsuez.com/articles/car-rescue-services-mohandessin/","articles","noindex-then-410","doorway/thin duplicate"
"https://winch-elsuez.com/articles/car-rescue-services-sheikh-zayed/","articles","noindex-then-410","doorway/thin duplicate"
"https://winch-elsuez.com/articles/car-rescue-services-warraq/","articles","noindex-then-410","doorway/thin duplicate"
"https://winch-elsuez.com/articles/car-rescue-services-shobra/","articles","noindex-then-410","doorway/thin duplicate"
"https://winch-elsuez.com/articles/car-rescue-services-helwan/","articles","noindex-then-410","doorway/thin duplicate"
"https://winch-elsuez.com/articles/winch-rescue-helwan/","articles","noindex-then-410","doorway/thin duplicate"
"https://winch-elsuez.com/articles/winch-rescue-dokki/","articles","noindex-then-410","doorway/thin duplicate"
"https://winch-elsuez.com/articles/winch-rescue-mohandessin/","articles","noindex-then-410","doorway/thin duplicate"
"https://winch-elsuez.com/articles/winch-rescue-zamalek/","articles","noindex-then-410","doorway/thin duplicate"
"https://winch-elsuez.com/articles/winch-rescue-alexandria/","articles","noindex-then-410","doorway/thin duplicate"
"https://winch-elsuez.com/articles/winch-rescue-borg-el-arab/","articles","noindex-then-410","doorway/thin duplicate"
"https://winch-elsuez.com/articles/winch-rescue-smouha/","articles","noindex-then-410","doorway/thin duplicate"
"https://winch-elsuez.com/articles/winch-rescue-haram/","articles","noindex-then-410","doorway/thin duplicate"
"https://winch-elsuez.com/articles/winch-rescue-marioteya/","articles","noindex-then-410","doorway/thin duplicate"
"https://winch-elsuez.com/articles/best-winch-rescue-egypt-standards/","articles","noindex-then-410","doorway/thin duplicate"
"https://winch-elsuez.com/articles/fastest-car-rescue-egypt-response/","articles","noindex-then-410","doorway/thin duplicate"
"https://winch-elsuez.com/articles/finest-car-towing-service-expertise/","articles","noindex-then-410","doorway/thin duplicate"
"https://winch-elsuez.com/articles/how-to-get-best-towing-service-avoid-exploitation/","articles","noindex-then-410","doorway/thin duplicate"
"https://winch-elsuez.com/articles/mokattam-towing-service/","articles","noindex-then-410","doorway/thin duplicate"
"https://winch-elsuez.com/articles/maadi-towing-service/","articles","noindex-then-410","doorway/thin duplicate"
"https://winch-elsuez.com/articles/masr-elgedida-towing-service/","articles","noindex-then-410","doorway/thin duplicate"
"https://winch-elsuez.com/articles/tahgom-alkhames-towing-service/","articles","410","typo/junk/broken"
"https://winch-elsuez.com/articles/tawing-service-third-settlement/","articles","410","typo/junk/broken"
"https://winch-elsuez.com/articles/winch-rescue-masr-elgedida/","articles","noindex-then-410","doorway/thin duplicate"
"https://winch-elsuez.com/articles/winch-rescue-tagamoa-khamis/","articles","noindex-then-410","doorway/thin duplicate"
"https://winch-elsuez.com/articles/winch-rescue-shorouk/","articles","noindex-then-410","doorway/thin duplicate"
"https://winch-elsuez.com/articles/winch-rescue-madinaty/","articles","noindex-then-410","doorway/thin duplicate"
"https://winch-elsuez.com/articles/winch-rescue-rehab/","articles","noindex-then-410","doorway/thin duplicate"
"https://winch-elsuez.com/articles/winch-rescue-giza/","articles","noindex-then-410","doorway/thin duplicate"
"https://winch-elsuez.com/articles/best-fastest-winch-rescue-egypt/","articles","noindex-then-410","doorway/thin duplicate"
"https://winch-elsuez.com/articles/car-rescue-services-north-coast/","articles","noindex-then-410","doorway/thin duplicate"
"https://winch-elsuez.com/articles/car-rescue-services-marina/","articles","noindex-then-410","doorway/thin duplicate"
"https://winch-elsuez.com/articles/car-rescue-services-marassi/","articles","noindex-then-410","doorway/thin duplicate"
"https://winch-elsuez.com/articles/car-rescue-services-alamein-road/","articles","noindex-then-410","doorway/thin duplicate"
"https://winch-elsuez.com/articles/car-rescue-services-coastal-road/","articles","noindex-then-410","doorway/thin duplicate"
"https://winch-elsuez.com/articles/car-rescue-services-desert-road/","articles","noindex-then-410","doorway/thin duplicate"
"https://winch-elsuez.com/articles/car-rescue-services-nasr-city/","articles","noindex-then-410","doorway/thin duplicate"
"https://winch-elsuez.com/articles/car-rescue-services-suez-road/","articles","noindex-then-410","doorway/thin duplicate"
"https://winch-elsuez.com/articles/car-rescue-services-cairo-giza/","articles","noindex-then-410","doorway/thin duplicate"
"https://winch-elsuez.com/articles/best-emergency-towing-service/","articles","noindex-then-410","doorway/thin duplicate"
"https://winch-elsuez.com/articles/best-fastest-car-rescue-winch-cairo-giza/","articles","410","typo/junk/broken"
"https://winch-elsuez.com/articles/car-rescue-winch-egypt-/","articles","410","typo/junk/broken"
"https://winch-elsuez.com/articles/reliable-car-rescue-winch-service-egypt/","articles","noindex-then-410","doorway/thin duplicate"
"https://winch-elsuez.com/articles/roadside-car-rescue-egypt/","articles","noindex-then-410","doorway/thin duplicate"
"https://winch-elsuez.com/articles/battery-jump-start-service/","articles","noindex-then-410","doorway/thin duplicate"
"https://winch-elsuez.com/articles/desert-roads-car-rescue-service/","articles","noindex-then-410","doorway/thin duplicate"
"https://winch-elsuez.com/articles/fuel-delivery-service/","articles","noindex-then-410","doorway/thin duplicate"
"https://winch-elsuez.com/articles/trusted-car-rescue-selection-guide/","articles","noindex-then-410","doorway/thin duplicate"
"https://winch-elsuez.com/articles/tire-change-service/","articles","noindex-then-410","doorway/thin duplicate"
"https://winch-elsuez.com/articles/car-rescue-new-cairo-fifth-settlement/","articles","noindex-then-410","doorway/thin duplicate"
"https://winch-elsuez.com/articles/best-fastest-rescue-tow-truck-egypt/","articles","noindex-then-410","doorway/thin duplicate"
"https://winch-elsuez.com/articles/equipment-transport-service/","articles","noindex-then-410","doorway/thin duplicate"
"https://winch-elsuez.com/articles/express-car-rescue-emergency-service/","articles","noindex-then-410","doorway/thin duplicate"
"https://winch-elsuez.com/articles/24-hour-towing-service-egypt/","articles","noindex-then-410","doorway/thin duplicate"
"https://winch-elsuez.com/articles/car-rescue-6october-sheikh-zayed/","articles","noindex-then-410","doorway/thin duplicate"
"https://winch-elsuez.com/articles/how-to-choose-best-towing-service/","articles","noindex-then-410","doorway/thin duplicate"
"https://winch-elsuez.com/articles/common-car-breakdowns-solutions/","articles","noindex-then-410","doorway/thin duplicate"
"https://winch-elsuez.com/articles/benefits-professional-towing-service/","articles","noindex-then-410","doorway/thin duplicate"
"https://winch-elsuez.com/articles/towing-service-coverage-all-egypt/","articles","noindex-then-410","doorway/thin duplicate"
"https://winch-elsuez.com/articles/pre-trip-car-inspection/","articles","noindex-then-410","doorway/thin duplicate"
"https://winch-elsuez.com/articles/car-winch-rescue-services-egypt/","articles","noindex-then-410","doorway/thin duplicate"
"https://winch-elsuez.com/articles/what-to-do-traffic-accident-egypt/","articles","noindex-then-410","doorway/thin duplicate"
"https://winch-elsuez.com/articles/winter-driving-tips-rain-fog-egypt/","articles","noindex-then-410","doorway/thin duplicate"
"https://winch-elsuez.com/articles/complete-guide-car-rescue-winch-egypt/","articles","410","typo/junk/broken"
"https://winch-elsuez.com/articles/towing-cost-guide-avoid-scams/","articles","noindex-then-410","doorway/thin duplicate"
"https://winch-elsuez.com/articles/luxury-classic-car-transport/","articles","noindex-then-410","doorway/thin duplicate"
"https://winch-elsuez.com/articles/prepare-car-for-egypt-summer/","articles","noindex-then-410","doorway/thin duplicate"
"https://winch-elsuez.com/articles/women-safety-car-breakdown-tips/","articles","noindex-then-410","doorway/thin duplicate"
"https://winch-elsuez.com/articles/car-fluids-guide/","articles","noindex-then-410","doorway/thin duplicate"
"https://winch-elsuez.com/articles/buying-used-car-inspection-transport/","articles","noindex-then-410","doorway/thin duplicate"
"https://winch-elsuez.com/articles/professional-car-rescue-service-egypt/","articles","noindex-then-410","doorway/thin duplicate"
"https://winch-elsuez.com/articles/highway-driving-safety-rules-egypt/","articles","noindex-then-410","doorway/thin duplicate"
"https://winch-elsuez.com/articles/winch-rescue-cars-complete-solution/","articles","noindex-then-410","doorway/thin duplicate"
"https://winch-elsuez.com/articles/24-hour-car-rescue-winch-egypt/","articles","noindex-then-410","doorway/thin duplicate"
"https://winch-elsuez.com/articles/best-car-rescue-cairo-giza/","articles","noindex-then-410","doorway/thin duplicate"
"https://winch-elsuez.com/articles/luxury-sports-car-rescue-vip-service/","articles","noindex-then-410","doorway/thin duplicate"
"https://winch-elsuez.com/articles/corporate-fleet-car-rescue-contracts/","articles","noindex-then-410","doorway/thin duplicate"
"https://winch-elsuez.com/winch/%D8%A7%D9%84%D8%B3%D9%88%D9%8A%D8%B3/","winch","keep","suez cluster"
"https://winch-elsuez.com/winch/%D8%A7%D9%84%D8%A3%D8%B1%D8%A8%D8%B9%D9%8A%D9%86/","winch","keep","suez cluster"
"https://winch-elsuez.com/winch/%D8%B9%D8%AA%D8%A7%D9%82%D8%A9/","winch","keep","suez cluster"
"https://winch-elsuez.com/winch/%D8%A7%D9%84%D8%AC%D9%86%D8%A7%D9%8A%D9%86/","winch","keep","suez cluster"
"https://winch-elsuez.com/winch/%D9%81%D9%8A%D8%B5%D9%84/","winch","keep","suez cluster"
"https://winch-elsuez.com/winch/%D8%A7%D9%84%D8%B9%D9%8A%D9%86-%D8%A7%D9%84%D8%B3%D8%AE%D9%86%D8%A9/","winch","keep","suez cluster"
"https://winch-elsuez.com/winch/%D8%A8%D9%88%D8%B1%D8%AA%D9%88-%D8%A7%D9%84%D8%B3%D8%AE%D9%86%D8%A9/","winch","keep","suez cluster"
"https://winch-elsuez.com/winch/%D8%A7%D9%84%D8%AC%D9%84%D8%A7%D9%84%D8%A9/","winch","noindex-then-410","doorway/thin duplicate"
"https://winch-elsuez.com/winch/%D8%AC%D8%A8%D9%84-%D8%A7%D9%84%D8%AC%D9%84%D8%A7%D9%84%D9%87/","winch","noindex-then-410","doorway/thin duplicate"
"https://winch-elsuez.com/winch/%D9%85%D9%86%D8%AA%D8%AC%D8%B9-%D8%A7%D9%84%D8%AC%D9%84%D8%A7%D9%84%D9%87/","winch","noindex-then-410","doorway/thin duplicate"
"https://winch-elsuez.com/winch/%D9%87%D8%B6%D8%A8%D8%A9-%D8%A7%D9%84%D8%AC%D9%84%D8%A7%D9%84%D8%A9/","winch","noindex-then-410","doorway/thin duplicate"
"https://winch-elsuez.com/winch/%D8%AC%D8%A7%D9%85%D8%B9%D8%A9-%D8%A7%D9%84%D8%AC%D9%84%D8%A7%D9%84%D8%A9/","winch","noindex-then-410","doorway/thin duplicate"
"https://winch-elsuez.com/winch/%D8%A7%D9%84%D9%85%D9%88%D9%86%D8%AA-%D8%AC%D9%84%D8%A7%D9%84%D8%A9/","winch","noindex-then-410","doorway/thin duplicate"
"https://winch-elsuez.com/winch/%D8%A7%D9%85%D9%8A%D8%AC%D9%88-%D8%A7%D9%84%D8%B9%D9%8A%D9%86-%D8%A7%D9%84%D8%B3%D8%AE%D9%86%D8%A9/","winch","noindex-then-410","doorway/thin duplicate"
"https://winch-elsuez.com/winch/%D9%82%D8%B1%D9%8A%D8%A9-%D8%B3%D8%A7%D9%86%D8%AF-%D8%A8%D9%8A%D8%AA%D8%B4/","winch","noindex-then-410","doorway/thin duplicate"
"https://winch-elsuez.com/winch/%D8%A7%D9%84%D8%B2%D8%B9%D9%81%D8%B1%D8%A7%D9%86%D8%A9/","winch","keep","suez cluster"
"https://winch-elsuez.com/winch/%D8%B1%D8%A3%D8%B3-%D8%BA%D8%A7%D8%B1%D8%A8/","winch","keep","suez cluster"
"https://winch-elsuez.com/winch/%D8%B1%D8%A7%D8%B3-%D8%B4%D9%82%D9%8A%D8%B1/","winch","noindex-then-410","doorway/thin duplicate"
"https://winch-elsuez.com/winch/%D8%A8%D9%88%D8%B1-%D8%AA%D9%88%D9%81%D9%8A%D9%82/","winch","keep","suez cluster"
"https://winch-elsuez.com/winch/%D8%A7%D9%84%D9%85%D9%84%D8%A7%D8%AD%D8%A9/","winch","keep","suez cluster"
"https://winch-elsuez.com/winch/%D8%A7%D9%84%D9%81%D8%B1%D8%B2/","winch","noindex-then-410","doorway/thin duplicate"
"https://winch-elsuez.com/winch/%D8%A7%D9%84%D8%AE%D8%A7%D9%84%D8%AF%D9%8A%D9%86/","winch","noindex-then-410","doorway/thin duplicate"
"https://winch-elsuez.com/winch/%D8%A7%D9%84%D8%A3%D9%86%D8%B5%D8%A7%D8%B1%D9%8A/","winch","noindex-then-410","doorway/thin duplicate"
"https://winch-elsuez.com/winch/%D8%A7%D9%84%D9%83%D9%88%D8%B1%D9%86%D9%8A%D8%B4/","winch","noindex-then-410","doorway/thin duplicate"
"https://winch-elsuez.com/winch/%D8%A7%D9%84%D8%BA%D8%B1%D9%8A%D8%A8/","winch","noindex-then-410","doorway/thin duplicate"
"https://winch-elsuez.com/winch/%D8%A7%D9%84%D8%A3%D9%84%D8%A8%D8%A7%D9%86-%D8%A7%D9%84%D9%82%D8%AF%D9%8A%D9%85%D8%A9/","winch","noindex-then-410","doorway/thin duplicate"
"https://winch-elsuez.com/winch/%D8%A7%D9%84%D8%A3%D9%84%D8%A8%D8%A7%D9%86-%D8%A7%D9%84%D8%AC%D8%AF%D9%8A%D8%AF%D8%A9/","winch","noindex-then-410","doorway/thin duplicate"
"https://winch-elsuez.com/winch/%D9%85%D8%AF%D9%8A%D9%86%D8%A9-%D8%A7%D9%84%D8%B3%D9%84%D8%A7%D9%85-1/","winch","noindex-then-410","doorway/thin duplicate"
"https://winch-elsuez.com/winch/%D9%85%D8%AF%D9%8A%D9%86%D8%A9-%D8%A7%D9%84%D8%B3%D9%84%D8%A7%D9%85-2/","winch","noindex-then-410","doorway/thin duplicate"
"https://winch-elsuez.com/winch/%D9%85%D8%AF%D9%8A%D9%86%D8%A9-%D8%A7%D9%84%D8%B3%D9%84%D8%A7%D9%85/","winch","noindex-then-410","doorway/thin duplicate"
"https://winch-elsuez.com/winch/%D8%A7%D9%84%D9%8024-%D8%A3%D9%83%D8%AA%D9%88%D8%A8%D8%B1/","winch","noindex-then-410","doorway/thin duplicate"
"https://winch-elsuez.com/winch/%D8%A7%D9%84%D9%83%D8%A8%D8%A7%D9%86%D9%88%D9%86/","winch","noindex-then-410","doorway/thin duplicate"
"https://winch-elsuez.com/winch/%D8%A7%D9%84%D9%85%D8%AB%D9%84%D8%AB/","winch","keep","suez cluster"
"https://winch-elsuez.com/winch/%D8%A7%D9%84%D9%87%D9%88%D9%8A%D8%B3/","winch","noindex-then-410","doorway/thin duplicate"
"https://winch-elsuez.com/winch/%D9%85%D8%AF%D9%8A%D9%86%D8%A9-%D8%A7%D9%84%D8%AA%D9%88%D9%81%D9%8A%D9%82/","winch","noindex-then-410","doorway/thin duplicate"
"https://winch-elsuez.com/winch/%D8%A7%D9%84%D8%B1%D8%AD%D8%A7%D8%A8/","winch","noindex-then-410","doorway/thin duplicate"
"https://winch-elsuez.com/winch/%D8%A7%D9%84%D8%B4%D8%A8%D8%A7%D8%A8/","winch","noindex-then-410","doorway/thin duplicate"
"https://winch-elsuez.com/winch/%D8%A7%D9%84%D8%A5%D9%8A%D9%85%D8%A7%D9%86/","winch","noindex-then-410","doorway/thin duplicate"
"https://winch-elsuez.com/winch/%D8%A7%D9%84%D9%86%D9%87%D8%B6%D8%A9/","winch","noindex-then-410","doorway/thin duplicate"
"https://winch-elsuez.com/winch/%D8%A7%D9%84%D8%AD%D8%B1%D9%8A%D8%A9/","winch","noindex-then-410","doorway/thin duplicate"
"https://winch-elsuez.com/winch/%D8%A7%D9%84%D8%AA%D8%B9%D8%A7%D9%88%D9%86%D9%8A%D8%A7%D8%AA/","winch","noindex-then-410","doorway/thin duplicate"
"https://winch-elsuez.com/winch/%D8%A7%D9%84%D8%A5%D8%B3%D9%83%D8%A7%D9%86-%D8%A7%D9%84%D8%A7%D8%AC%D8%AA%D9%85%D8%A7%D8%B9%D9%8A/","winch","noindex-then-410","doorway/thin duplicate"
"https://winch-elsuez.com/winch/%D9%85%D8%AF%D9%8A%D9%86%D8%A9-%D8%A7%D9%84%D9%86%D9%88%D8%B1/","winch","noindex-then-410","doorway/thin duplicate"
"https://winch-elsuez.com/winch/%D8%A7%D9%84%D9%85%D8%B3%D8%AA%D9%82%D8%A8%D9%84-%D9%81%D9%8A-%D8%A7%D9%84%D8%B3%D9%88%D9%8A%D8%B3/","winch","noindex-then-410","doorway/thin duplicate"
"https://winch-elsuez.com/winch/%D8%A7%D9%84%D8%A3%D8%AF%D8%A8%D9%8A%D8%A9/","winch","keep","suez cluster"
"https://winch-elsuez.com/winch/%D8%B9%D8%AA%D8%A7%D9%82%D8%A9-%D8%A7%D9%84%D8%A8%D9%84%D8%AF/","winch","noindex-then-410","doorway/thin duplicate"
"https://winch-elsuez.com/winch/%D8%A7%D9%84%D9%85%D8%AF%D9%8A%D9%86%D8%A9-%D8%A7%D9%84%D8%B5%D9%86%D8%A7%D8%B9%D9%8A%D8%A9/","winch","noindex-then-410","doorway/thin duplicate"
"https://winch-elsuez.com/winch/%D8%A7%D9%84%D9%85%D9%86%D8%B7%D9%82%D8%A9-%D8%A7%D9%84%D8%AD%D8%B1%D8%A9/","winch","noindex-then-410","doorway/thin duplicate"
"https://winch-elsuez.com/winch/%D8%A7%D9%84%D8%B3%D9%88%D9%8A%D8%B3-%D8%A7%D9%84%D8%AC%D8%AF%D9%8A%D8%AF%D8%A9/","winch","noindex-then-410","doorway/thin duplicate"
"https://winch-elsuez.com/winch/%D8%A7%D9%84%D8%B4%D8%B1%D9%83%D8%A9-%D8%A7%D9%84%D8%B5%D9%8A%D9%86%D9%8A%D8%A9/","winch","noindex-then-410","doorway/thin duplicate"
"https://winch-elsuez.com/winch/%D8%A7%D9%84%D8%A7%D8%AA%D9%83%D8%A9/","winch","noindex-then-410","doorway/thin duplicate"
"https://winch-elsuez.com/winch/%D8%AC%D9%85%D8%B1%D9%83-%D8%A7%D9%84%D8%B3%D9%88%D9%8A%D8%B3/","winch","noindex-then-410","doorway/thin duplicate"
"https://winch-elsuez.com/winch/%D9%85%D9%8A%D9%86%D8%A7%D8%A1-%D8%A7%D9%84%D8%B3%D9%88%D9%8A%D8%B3/","winch","noindex-then-410","doorway/thin duplicate"
"https://winch-elsuez.com/winch/%D9%85%D9%8A%D9%86%D8%A7%D8%A1-%D8%A7%D9%84%D8%B3%D8%AE%D9%86%D8%A9/","winch","keep","suez cluster"
"https://winch-elsuez.com/winch/%D9%85%D9%8A%D9%86%D8%A7%D8%A1-%D8%A7%D9%84%D8%A3%D8%AF%D8%A8%D9%8A%D8%A9/","winch","noindex-then-410","doorway/thin duplicate"
"https://winch-elsuez.com/winch/%D9%82%D8%B1%D9%8A%D8%A9-%D8%B9%D8%A7%D9%85%D8%B1/","winch","noindex-then-410","doorway/thin duplicate"
"https://winch-elsuez.com/winch/%D9%82%D8%B1%D9%8A%D8%A9-%D8%A7%D9%84%D8%B9%D9%85%D8%AF%D8%A9/","winch","noindex-then-410","doorway/thin duplicate"
"https://winch-elsuez.com/winch/%D9%82%D8%B1%D9%8A%D8%A9-%D8%A7%D9%84%D8%B4%D9%84%D9%88%D9%81%D8%A9/","winch","noindex-then-410","doorway/thin duplicate"
"https://winch-elsuez.com/winch/%D9%83%D8%A8%D8%B1%D9%8A%D8%AA/","winch","noindex-then-410","doorway/thin duplicate"
"https://winch-elsuez.com/winch/%D8%A3%D8%A8%D9%88-%D8%B3%D9%8A%D8%A7%D9%84/","winch","noindex-then-410","doorway/thin duplicate"
"https://winch-elsuez.com/winch/%D8%A7%D9%84%D8%AC%D8%A8%D9%84%D8%A7%D9%8A%D8%A7%D8%AA/","winch","noindex-then-410","doorway/thin duplicate"
"https://winch-elsuez.com/winch/%D8%B7%D8%B1%D9%8A%D9%82-%D8%A7%D9%84%D8%B3%D9%88%D9%8A%D8%B3/","winch","keep","suez cluster"
"https://winch-elsuez.com/winch/%D8%B7%D8%B1%D9%8A%D9%82-%D8%A7%D9%84%D9%82%D8%A7%D9%87%D8%B1%D9%87-%D8%A7%D9%84%D8%B3%D9%88%D9%8A%D8%B3/","winch","noindex-then-410","doorway/thin duplicate"
"https://winch-elsuez.com/winch/%D8%B7%D8%B1%D9%8A%D9%82-%D8%A7%D9%84%D8%B3%D8%AE%D9%86%D8%A9/","winch","noindex-then-410","doorway/thin duplicate"
"https://winch-elsuez.com/winch/%D8%B7%D8%B1%D9%8A%D9%82-%D8%A7%D9%84%D9%82%D8%B7%D8%A7%D9%85%D9%8A%D8%A9/","winch","noindex-then-410","doorway/thin duplicate"
"https://winch-elsuez.com/winch/%D8%B7%D8%B1%D9%8A%D9%82-%D8%A7%D9%84%D8%AC%D9%84%D8%A7%D9%84%D8%A9/","winch","keep","suez cluster"
"https://winch-elsuez.com/winch/%D8%B7%D8%B1%D9%8A%D9%82-%D8%A7%D9%84%D8%B2%D8%B9%D9%81%D8%B1%D8%A7%D9%86%D8%A9/","winch","noindex-then-410","doorway/thin duplicate"
"https://winch-elsuez.com/winch/%D8%B7%D8%B1%D9%8A%D9%82-%D8%B1%D8%A7%D8%B3-%D8%BA%D8%A7%D8%B1%D8%A8/","winch","noindex-then-410","doorway/thin duplicate"
"https://winch-elsuez.com/winch/%D8%B7%D8%B1%D9%8A%D9%82-%D8%AC%D9%86%D9%8A%D9%81%D8%A9/","winch","noindex-then-410","doorway/thin duplicate"
"https://winch-elsuez.com/winch/%D8%AC%D9%86%D9%8A%D9%81%D8%A9/","winch","keep","suez cluster"
"https://winch-elsuez.com/winch/%D9%85%D8%AD%D9%88%D8%B1-30-%D9%8A%D9%88%D9%84%D9%8A%D9%88/","winch","noindex-then-410","doorway/thin duplicate"
"https://winch-elsuez.com/winch/%D8%B7%D8%B1%D9%8A%D9%82-%D8%A7%D9%84%D8%B3%D8%AE%D9%86%D8%A9-%D8%A7%D9%84%D8%B2%D8%B9%D9%81%D8%B1%D8%A7%D9%86%D8%A9/","winch","noindex-then-410","doorway/thin duplicate"
"https://winch-elsuez.com/winch/%D8%B7%D8%B1%D9%8A%D9%82-%D8%A7%D9%84%D9%85%D8%AD%D8%A7%D8%AC%D8%B1-%D8%A7%D9%84%D8%B9%D9%8A%D9%86-%D8%A7%D9%84%D8%B3%D8%AE%D9%86%D8%A9/","winch","noindex-then-410","doorway/thin duplicate"
"https://winch-elsuez.com/winch/%D9%88%D8%A7%D8%AF%D9%8A-%D8%AD%D8%AC%D9%88%D9%84/","winch","keep","suez cluster"
"https://winch-elsuez.com/winch/%D9%88%D8%A7%D8%AF%D9%8A-%D8%AD%D8%AC%D9%88%D9%84-%D8%B7%D8%B1%D9%8A%D9%82-%D8%A7%D9%84%D8%B3%D9%88%D9%8A%D8%B3/","winch","noindex-then-410","doorway/thin duplicate"
"https://winch-elsuez.com/winch/%D8%A7%D9%85-%D9%82%D9%85%D8%B1-%D8%B7%D8%B1%D9%8A%D9%82-%D8%A7%D9%84%D8%B3%D9%88%D9%8A%D8%B3/","winch","noindex-then-410","doorway/thin duplicate"
"https://winch-elsuez.com/winch/%D8%B7%D8%B1%D9%8A%D9%82-%D8%A7%D9%84%D8%A5%D9%82%D9%84%D9%8A%D9%85%D9%8A/","winch","noindex-then-410","doorway/thin duplicate"
"https://winch-elsuez.com/winch/%D8%B9%D8%AC%D8%B1%D9%88%D8%AF/","winch","noindex-then-410","doorway/thin duplicate"
"https://winch-elsuez.com/winch/%D9%86%D9%81%D9%82-%D8%A7%D9%84%D8%B4%D9%87%D9%8A%D8%AF-%D8%A7%D8%AD%D9%85%D8%AF-%D8%AD%D9%85%D8%AF%D9%89/","winch","keep","suez cluster"
"https://winch-elsuez.com/winch/%D8%B9%D9%8A%D9%88%D9%86-%D9%85%D9%88%D8%B3%D9%89/","winch","noindex-then-410","doorway/thin duplicate"
"https://winch-elsuez.com/winch/%D8%B1%D8%A7%D8%B3-%D8%B3%D8%AF%D8%B1/","winch","noindex-then-410","doorway/thin duplicate"
"https://winch-elsuez.com/winch/%D8%A7%D9%84%D9%82%D8%A7%D9%87%D8%B1%D8%A9/","winch","noindex-then-410","doorway/thin duplicate"
"https://winch-elsuez.com/winch/%D8%A7%D9%84%D9%85%D9%82%D8%B7%D9%85/","winch","noindex-then-410","doorway/thin duplicate"
"https://winch-elsuez.com/winch/%D9%85%D8%B5%D8%B1-%D8%A7%D9%84%D8%AC%D8%AF%D9%8A%D8%AF%D9%87/","winch","noindex-then-410","doorway/thin duplicate"
"https://winch-elsuez.com/winch/%D8%A7%D9%84%D8%B9%D8%A7%D8%B4%D8%B1-%D9%85%D9%86-%D8%B1%D9%85%D8%B6%D8%A7%D9%86/","winch","noindex-then-410","doorway/thin duplicate"
"https://winch-elsuez.com/winch/%D8%A8%D8%AF%D8%B1/","winch","noindex-then-410","doorway/thin duplicate"
"https://winch-elsuez.com/winch/%D8%B9%D9%8A%D9%86-%D8%B4%D9%85%D8%B3/","winch","noindex-then-410","doorway/thin duplicate"
"https://winch-elsuez.com/winch/%D8%AC%D8%B3%D8%B1-%D8%A7%D9%84%D8%B3%D9%88%D9%8A%D8%B3/","winch","noindex-then-410","doorway/thin duplicate"
"https://winch-elsuez.com/winch/%D8%AD%D9%84%D9%85%D9%8A%D8%A9-%D8%A7%D9%84%D8%B2%D9%8A%D8%AA%D9%88%D9%86/","winch","noindex-then-410","doorway/thin duplicate"
"https://winch-elsuez.com/winch/%D8%B4%D9%8A%D8%B1%D8%A7%D8%AA%D9%88%D9%86-%D9%85%D8%B5%D8%B1-%D8%A7%D9%84%D8%AC%D8%AF%D9%8A%D8%AF%D8%A9/","winch","noindex-then-410","doorway/thin duplicate"
"https://winch-elsuez.com/winch/%D8%A7%D9%84%D9%85%D8%B7%D8%A7%D8%B1/","winch","noindex-then-410","doorway/thin duplicate"
"https://winch-elsuez.com/winch/%D8%B7%D8%B1%D9%8A%D9%82-%D8%A7%D9%84%D8%A7%D8%B3%D9%85%D8%A7%D8%B9%D9%8A%D9%84%D9%8A%D9%87/","winch","noindex-then-410","doorway/thin duplicate"
"https://winch-elsuez.com/winch/%D8%A7%D9%84%D8%B4%D8%B1%D9%88%D9%82/","winch","noindex-then-410","doorway/thin duplicate"
"https://winch-elsuez.com/winch/%D9%85%D8%AF%D9%8A%D9%86%D8%AA%D9%8A/","winch","noindex-then-410","doorway/thin duplicate"
"https://winch-elsuez.com/winch/%D9%85%D8%AF%D9%8A%D9%86%D9%87-%D8%A7%D9%84%D9%85%D8%B3%D8%AA%D9%82%D8%A8%D9%84/","winch","noindex-then-410","doorway/thin duplicate"
"https://winch-elsuez.com/winch/%D8%A7%D9%84%D9%82%D8%B7%D8%A7%D9%85%D9%8A%D9%87/","winch","noindex-then-410","doorway/thin duplicate"
"https://winch-elsuez.com/winch/%D8%A7%D9%84%D8%AA%D8%AC%D9%85%D8%B9-%D8%A7%D9%84%D8%AE%D8%A7%D9%85%D8%B3/","winch","noindex-then-410","doorway/thin duplicate"
"https://winch-elsuez.com/winch/%D8%A7%D9%84%D8%AA%D8%AC%D9%85%D8%B9-%D8%A7%D9%84%D8%AE%D8%A7%D9%85%D8%B3-%D9%85%D8%AF%D9%8A%D9%86%D8%A9-%D9%86%D8%B5%D8%B1/","winch","noindex-then-410","doorway/thin duplicate"
"https://winch-elsuez.com/winch/%D8%A7%D9%84%D8%AA%D8%AC%D9%85%D8%B9-%D8%A7%D9%84%D8%AA%D8%A7%D9%84%D8%AA/","winch","noindex-then-410","doorway/thin duplicate"
"https://winch-elsuez.com/winch/%D8%A7%D9%84%D8%AA%D8%AC%D9%85%D8%B9-%D8%A7%D9%84%D8%A7%D9%88%D9%84/","winch","noindex-then-410","doorway/thin duplicate"
"https://winch-elsuez.com/winch/%D8%A7%D9%84%D8%AA%D8%AC%D9%85%D8%B9-%D8%A7%D9%84%D8%A7%D9%88%D9%84-%D9%85%D8%AF%D9%8A%D9%86%D8%A9-%D9%86%D8%B5%D8%B1/","winch","noindex-then-410","doorway/thin duplicate"
"https://winch-elsuez.com/winch/%D8%B4%D8%A7%D8%B1%D8%B9-%D8%A7%D9%84%D8%AA%D8%B3%D8%B9%D9%8A%D9%86/","winch","noindex-then-410","doorway/thin duplicate"
"https://winch-elsuez.com/winch/%D8%B7%D8%B1%D9%8A%D9%82-%D8%A7%D9%84%D8%B3%D8%AE%D9%86%D9%87/","winch","noindex-then-410","doorway/thin duplicate"
"https://winch-elsuez.com/winch/%D8%A7%D9%84%D8%AF%D8%A7%D8%A6%D8%B1%D9%8A/","winch","noindex-then-410","doorway/thin duplicate"
"https://winch-elsuez.com/winch/%D8%B5%D9%84%D8%A7%D8%AD-%D8%B3%D8%A7%D9%84%D9%85/","winch","noindex-then-410","doorway/thin duplicate"
"https://winch-elsuez.com/winch/%D8%B7%D8%B1%D9%8A%D9%82-%D8%A7%D9%84%D8%A7%D9%88%D8%AA%D9%88%D8%B3%D8%AA%D8%B1%D8%A7%D8%AF/","winch","noindex-then-410","doorway/thin duplicate"
"https://winch-elsuez.com/winch/%D8%B5%D9%82%D8%B1-%D9%82%D8%B1%D9%8A%D8%B4/","winch","noindex-then-410","doorway/thin duplicate"
"https://winch-elsuez.com/winch/%D8%A7%D9%84%D9%85%D8%B9%D8%A7%D8%AF%D9%8A/","winch","noindex-then-410","doorway/thin duplicate"
"https://winch-elsuez.com/winch/%D8%B2%D9%87%D8%B1%D8%A7%D8%A1-%D8%A7%D9%84%D9%85%D8%B9%D8%A7%D8%AF%D9%8A/","winch","noindex-then-410","doorway/thin duplicate"
"https://winch-elsuez.com/winch/%D8%BA%D9%85%D8%B1%D9%87/","winch","noindex-then-410","doorway/thin duplicate"
"https://winch-elsuez.com/winch/%D8%A7%D8%AD%D9%85%D8%AF-%D8%B3%D8%B9%D9%8A%D8%AF/","winch","noindex-then-410","doorway/thin duplicate"
"https://winch-elsuez.com/winch/%D8%A7%D9%84%D8%B6%D8%A7%D9%87%D8%B1/","winch","noindex-then-410","doorway/thin duplicate"
"https://winch-elsuez.com/winch/%D8%A8%D8%A7%D8%A8-%D8%A7%D9%84%D8%B4%D8%B9%D8%B1%D9%8A%D8%A9/","winch","noindex-then-410","doorway/thin duplicate"
"https://winch-elsuez.com/winch/%D8%A7%D9%84%D8%B2%D8%A7%D9%88%D9%8A%D9%87/","winch","noindex-then-410","doorway/thin duplicate"
"https://winch-elsuez.com/winch/%D8%A7%D9%84%D8%B3%D9%8A%D8%AF%D9%87-%D8%B2%D9%8A%D9%86%D8%A8/","winch","noindex-then-410","doorway/thin duplicate"
"https://winch-elsuez.com/winch/%D8%A7%D9%84%D8%B3%D9%8A%D8%AF%D9%87-%D8%B9%D8%A7%D8%A6%D8%B4%D9%87/","winch","noindex-then-410","doorway/thin duplicate"
"https://winch-elsuez.com/winch/%D8%A7%D9%84%D9%82%D9%84%D8%B9%D9%87/","winch","noindex-then-410","doorway/thin duplicate"
"https://winch-elsuez.com/winch/%D9%85%D8%AF%D9%8A%D9%86%D8%A9-%D9%86%D8%B5%D8%B1/","winch","noindex-then-410","doorway/thin duplicate"
"https://winch-elsuez.com/winch/%D9%85%D9%83%D8%B1%D9%85-%D8%B9%D8%A8%D9%8A%D8%AF-%D9%85%D8%AF%D9%8A%D9%86%D8%A9-%D9%86%D8%B5%D8%B1/","winch","noindex-then-410","doorway/thin duplicate"
"https://winch-elsuez.com/winch/%D8%B9%D8%A8%D8%A7%D8%B3-%D8%A7%D9%84%D8%B9%D9%82%D8%A7%D8%AF-%D9%85%D8%AF%D9%8A%D9%86%D8%A9-%D9%86%D8%B5%D8%B1/","winch","noindex-then-410","doorway/thin duplicate"
"https://winch-elsuez.com/winch/%D8%A7%D9%84%D8%AD%D9%8A-%D8%A7%D9%84%D8%B3%D8%A7%D8%AF%D8%B3-%D9%85%D8%AF%D9%8A%D9%86%D8%A9-%D9%86%D8%B5%D8%B1/","winch","noindex-then-410","doorway/thin duplicate"
"https://winch-elsuez.com/winch/%D8%A7%D9%84%D8%AD%D9%8A-%D8%A7%D9%84%D8%B3%D8%A7%D8%A8%D8%B9-%D9%85%D8%AF%D9%8A%D9%86%D8%A9-%D9%86%D8%B5%D8%B1/","winch","noindex-then-410","doorway/thin duplicate"
"https://winch-elsuez.com/winch/%D8%A7%D9%84%D8%AD%D9%8A-%D8%A7%D9%84%D8%B9%D8%A7%D8%B4%D8%B1/","winch","noindex-then-410","doorway/thin duplicate"
"https://winch-elsuez.com/winch/%D8%B7%D8%B1%D9%8A%D9%82-%D8%A7%D9%84%D9%85%D8%B4%D9%8A%D8%B1/","winch","noindex-then-410","doorway/thin duplicate"
"https://winch-elsuez.com/winch/%D9%85%D8%AD%D9%88%D8%B1-%D8%AC%D9%8A%D9%87%D8%A7%D9%86-%D8%A7%D9%84%D8%B3%D8%A7%D8%AF%D8%A7%D8%AA/","winch","noindex-then-410","doorway/thin duplicate"
"https://winch-elsuez.com/winch/%D9%85%D8%AD%D9%88%D8%B1-%D9%85%D8%AD%D9%85%D8%AF-%D9%86%D8%AC%D9%8A%D8%A8/","winch","noindex-then-410","doorway/thin duplicate"
"https://winch-elsuez.com/winch/%D8%AC%D9%85%D8%A7%D9%84-%D8%B9%D8%A8%D8%AF%D8%A7%D9%84%D9%86%D8%A7%D8%B5%D8%B1/","winch","noindex-then-410","doorway/thin duplicate"
"https://winch-elsuez.com/winch/%D9%85%D8%AD%D9%88%D8%B1-%D9%A3%D9%A0-%D9%8A%D9%88%D9%86%D9%8A%D9%88/","winch","noindex-then-410","doorway/thin duplicate"
"https://winch-elsuez.com/winch/%D8%A7%D9%84%D9%87%D8%B6%D8%A8%D9%87-%D8%A7%D9%84%D9%88%D8%B3%D8%B7%D9%89/","winch","noindex-then-410","doorway/thin duplicate"
"https://winch-elsuez.com/winch/%D9%83%D9%88%D8%B1%D9%86%D9%8A%D8%B4-%D8%A7%D9%84%D9%85%D9%82%D8%B7%D9%85/","winch","noindex-then-410","doorway/thin duplicate"
"https://winch-elsuez.com/winch/%D9%88%D8%B3%D8%B7-%D8%A7%D9%84%D8%A8%D9%84%D8%AF/","winch","noindex-then-410","doorway/thin duplicate"
"https://winch-elsuez.com/winch/%D8%AD%D8%AF%D8%A7%D8%A6%D9%82-%D8%A7%D9%84%D9%82%D8%A8%D8%A9/","winch","noindex-then-410","doorway/thin duplicate"
"https://winch-elsuez.com/winch/%D8%A7%D9%84%D9%88%D8%A7%D9%8A%D9%84%D9%8A/","winch","noindex-then-410","doorway/thin duplicate"
"https://winch-elsuez.com/winch/%D8%A7%D9%84%D8%B2%D9%8A%D8%AA%D9%88%D9%86/","winch","noindex-then-410","doorway/thin duplicate"
"https://winch-elsuez.com/winch/%D8%A7%D9%84%D9%85%D8%B7%D8%B1%D9%8A%D8%A9/","winch","noindex-then-410","doorway/thin duplicate"
"https://winch-elsuez.com/winch/%D8%A7%D9%84%D9%85%D8%B1%D8%AC/","winch","noindex-then-410","doorway/thin duplicate"
"https://winch-elsuez.com/winch/%D8%A7%D9%84%D8%B3%D9%84%D8%A7%D9%85/","winch","noindex-then-410","doorway/thin duplicate"
"https://winch-elsuez.com/winch/%D8%A7%D9%84%D8%AE%D8%B5%D9%88%D8%B5/","winch","noindex-then-410","doorway/thin duplicate"
"https://winch-elsuez.com/winch/%D8%B9%D9%8A%D9%86-%D8%AD%D9%84%D9%88%D8%A7%D9%86/","winch","noindex-then-410","doorway/thin duplicate"
"https://winch-elsuez.com/winch/%D8%AD%D9%84%D9%88%D8%A7%D9%86/","winch","noindex-then-410","doorway/thin duplicate"
"https://winch-elsuez.com/winch/%D9%83%D9%88%D8%AA%D8%B3%D9%8A%D9%83%D8%A7/","winch","noindex-then-410","doorway/thin duplicate"
"https://winch-elsuez.com/winch/%D8%B7%D8%B1%D8%A9/","winch","noindex-then-410","doorway/thin duplicate"
"https://winch-elsuez.com/winch/%D8%A7%D9%84%D9%85%D8%B9%D8%B5%D8%B1%D8%A9/","winch","noindex-then-410","doorway/thin duplicate"
"https://winch-elsuez.com/winch/%D8%AF%D8%A7%D8%B1-%D8%A7%D9%84%D8%B3%D9%84%D8%A7%D9%85/","winch","noindex-then-410","doorway/thin duplicate"
"https://winch-elsuez.com/winch/%D8%A7%D9%84%D8%A8%D8%B3%D8%A7%D8%AA%D9%8A%D9%86/","winch","noindex-then-410","doorway/thin duplicate"
"https://winch-elsuez.com/winch/%D9%85%D9%86%D8%B4%D9%8A%D8%A9-%D9%86%D8%A7%D8%B5%D8%B1/","winch","noindex-then-410","doorway/thin duplicate"
"https://winch-elsuez.com/winch/%D8%A7%D9%84%D8%AF%D9%88%D9%8A%D9%82%D8%A9/","winch","noindex-then-410","doorway/thin duplicate"
"https://winch-elsuez.com/winch/%D8%B9%D8%A7%D8%A8%D8%AF%D9%8A%D9%86/","winch","noindex-then-410","doorway/thin duplicate"
"https://winch-elsuez.com/winch/%D8%A7%D9%84%D9%85%D9%88%D8%B3%D9%83%D9%8A/","winch","noindex-then-410","doorway/thin duplicate"
"https://winch-elsuez.com/winch/%D8%A8%D8%A7%D8%A8-%D8%A7%D9%84%D9%84%D9%88%D9%82/","winch","noindex-then-410","doorway/thin duplicate"
"https://winch-elsuez.com/winch/%D8%A7%D9%84%D8%A3%D8%B2%D8%A8%D9%83%D9%8A%D8%A9/","winch","noindex-then-410","doorway/thin duplicate"
"https://winch-elsuez.com/winch/%D8%B4%D8%A8%D8%B1%D8%A7/","winch","noindex-then-410","doorway/thin duplicate"
"https://winch-elsuez.com/winch/%D8%A7%D9%84%D8%B3%D8%A7%D8%AD%D9%84/","winch","noindex-then-410","doorway/thin duplicate"
"https://winch-elsuez.com/winch/%D8%B1%D9%88%D8%B6-%D8%A7%D9%84%D9%81%D8%B1%D8%AC/","winch","noindex-then-410","doorway/thin duplicate"
"https://winch-elsuez.com/winch/%D8%B4%D8%A8%D8%B1%D8%A7-%D8%A7%D9%84%D8%A8%D9%84%D8%AF/","winch","noindex-then-410","doorway/thin duplicate"
"https://winch-elsuez.com/winch/%D8%B4%D8%A8%D8%B1%D8%A7-%D8%A7%D9%84%D8%AE%D9%8A%D9%85%D8%A9/","winch","noindex-then-410","doorway/thin duplicate"
"https://winch-elsuez.com/winch/%D8%A8%D9%87%D8%AA%D9%8A%D9%85/","winch","noindex-then-410","doorway/thin duplicate"
"https://winch-elsuez.com/winch/%D9%85%D8%B3%D8%B7%D8%B1%D8%AF/","winch","noindex-then-410","doorway/thin duplicate"
"https://winch-elsuez.com/winch/%D8%A7%D9%84%D8%AE%D8%A7%D9%86%D9%83%D8%A9/","winch","noindex-then-410","doorway/thin duplicate"
"https://winch-elsuez.com/winch/%D8%A7%D9%84%D8%B9%D8%A8%D9%88%D8%B1/","winch","noindex-then-410","doorway/thin duplicate"
"https://winch-elsuez.com/winch/%D8%A7%D9%84%D8%B9%D8%A8%D9%88%D8%B1-%D8%A7%D9%84%D8%AC%D8%AF%D9%8A%D8%AF%D8%A9/","winch","noindex-then-410","doorway/thin duplicate"
"https://winch-elsuez.com/winch/%D8%A7%D9%84%D8%B9%D8%A7%D8%B5%D9%85%D8%A9-%D8%A7%D9%84%D8%A5%D8%AF%D8%A7%D8%B1%D9%8A%D8%A9/","winch","noindex-then-410","doorway/thin duplicate"
"https://winch-elsuez.com/winch/%D8%AD%D8%AF%D8%A7%D8%A6%D9%82-%D8%A7%D9%84%D8%B9%D8%A7%D8%B5%D9%85%D8%A9/","winch","noindex-then-410","doorway/thin duplicate"
"https://winch-elsuez.com/winch/%D8%B7%D8%B1%D9%8A%D9%82-%D8%A7%D9%84%D8%B3%D9%88%D9%8A%D8%B3-%D8%A7%D9%84%D8%B5%D8%AD%D8%B1%D8%A7%D9%88%D9%8A/","winch","noindex-then-410","doorway/thin duplicate"
"https://winch-elsuez.com/winch/%D8%B7%D8%B1%D9%8A%D9%82-%D8%A7%D9%84%D8%B9%D9%8A%D9%86-%D8%A7%D9%84%D8%B3%D8%AE%D9%86%D8%A9-%D8%A7%D9%84%D8%B5%D8%AD%D8%B1%D8%A7%D9%88%D9%8A/","winch","noindex-then-410","doorway/thin duplicate"
"https://winch-elsuez.com/winch/%D9%85%D8%AD%D9%88%D8%B1-%D8%A7%D9%84%D9%85%D8%B4%D9%8A%D8%B1-%D8%B7%D9%86%D8%B7%D8%A7%D9%88%D9%8A/","winch","noindex-then-410","doorway/thin duplicate"
"https://winch-elsuez.com/winch/%D9%85%D8%AD%D9%88%D8%B1-%D8%A7%D9%84%D8%B4%D9%87%D9%8A%D8%AF/","winch","noindex-then-410","doorway/thin duplicate"
"https://winch-elsuez.com/winch/%D9%85%D8%AD%D9%88%D8%B1-%D8%B4%D9%8A%D9%86%D8%B2%D9%88-%D8%A2%D8%A8%D9%8A/","winch","noindex-then-410","doorway/thin duplicate"
"https://winch-elsuez.com/winch/%D9%85%D8%AD%D9%88%D8%B1-%D8%B1%D9%88%D8%B6-%D8%A7%D9%84%D9%81%D8%B1%D8%AC/","winch","noindex-then-410","doorway/thin duplicate"
"https://winch-elsuez.com/winch/%D9%85%D8%AD%D9%88%D8%B1-%D8%A7%D9%84%D8%B6%D8%A8%D8%B9%D8%A9/","winch","noindex-then-410","doorway/thin duplicate"
"https://winch-elsuez.com/winch/%D9%85%D8%AD%D9%88%D8%B1-%D8%AA%D8%AD%D9%8A%D8%A7-%D9%85%D8%B5%D8%B1/","winch","noindex-then-410","doorway/thin duplicate"
"https://winch-elsuez.com/winch/%D9%85%D8%AD%D9%88%D8%B1-%D8%AC%D9%88%D8%B2%D9%8A%D9%81-%D8%AA%D9%8A%D8%AA%D9%88/","winch","noindex-then-410","doorway/thin duplicate"
"https://winch-elsuez.com/winch/%D8%B4%D8%A7%D8%B1%D8%B9-%D8%AC%D8%B3%D8%B1-%D8%A7%D9%84%D8%B3%D9%88%D9%8A%D8%B3/","winch","noindex-then-410","doorway/thin duplicate"
"https://winch-elsuez.com/winch/%D8%B4%D8%A7%D8%B1%D8%B9-%D8%A7%D9%84%D8%A3%D9%87%D8%B1%D8%A7%D9%85-%D9%85%D8%B5%D8%B1-%D8%A7%D9%84%D8%AC%D8%AF%D9%8A%D8%AF%D8%A9/","winch","noindex-then-410","doorway/thin duplicate"
"https://winch-elsuez.com/winch/%D9%85%D9%8A%D8%AF%D8%A7%D9%86-%D8%B1%D9%88%D9%83%D8%B3%D9%8A/","winch","noindex-then-410","doorway/thin duplicate"
"https://winch-elsuez.com/winch/%D9%85%D9%8A%D8%AF%D8%A7%D9%86-%D8%AA%D8%B1%D9%8A%D8%A7%D9%85%D9%81/","winch","noindex-then-410","doorway/thin duplicate"
"https://winch-elsuez.com/winch/%D9%85%D9%8A%D8%AF%D8%A7%D9%86-%D9%87%D9%84%D9%8A%D9%88%D8%A8%D9%88%D9%84%D9%8A%D8%B3/","winch","noindex-then-410","doorway/thin duplicate"
"https://winch-elsuez.com/winch/%D9%85%D9%8A%D8%AF%D8%A7%D9%86-%D8%A7%D9%84%D8%AD%D8%AC%D8%A7%D8%B2/","winch","noindex-then-410","doorway/thin duplicate"
"https://winch-elsuez.com/winch/%D9%85%D9%8A%D8%AF%D8%A7%D9%86-%D8%A7%D9%84%D9%85%D8%AD%D9%83%D9%85%D8%A9/","winch","noindex-then-410","doorway/thin duplicate"
"https://winch-elsuez.com/winch/%D9%85%D9%8A%D8%AF%D8%A7%D9%86-%D8%B3%D9%81%D9%8A%D8%B1/","winch","noindex-then-410","doorway/thin duplicate"
"https://winch-elsuez.com/winch/%D9%85%D9%8A%D8%AF%D8%A7%D9%86-%D8%A7%D9%84%D9%83%D9%88%D8%B1%D8%A8%D8%A9/","winch","noindex-then-410","doorway/thin duplicate"
"https://winch-elsuez.com/winch/%D8%B4%D8%A7%D8%B1%D8%B9-%D8%A8%D8%BA%D8%AF%D8%A7%D8%AF/","winch","noindex-then-410","doorway/thin duplicate"
"https://winch-elsuez.com/winch/%D8%B4%D8%A7%D8%B1%D8%B9-%D8%A7%D9%84%D8%B9%D8%B1%D9%88%D8%A8%D8%A9/","winch","noindex-then-410","doorway/thin duplicate"
"https://winch-elsuez.com/winch/%D8%B4%D8%A7%D8%B1%D8%B9-%D8%A7%D9%84%D8%AB%D9%88%D8%B1%D8%A9/","winch","noindex-then-410","doorway/thin duplicate"
"https://winch-elsuez.com/winch/%D8%B7%D8%B1%D9%8A%D9%82-%D8%A7%D9%84%D9%86%D8%B5%D8%B1/","winch","noindex-then-410","doorway/thin duplicate"
"https://winch-elsuez.com/winch/%D8%B4%D8%A7%D8%B1%D8%B9-%D9%85%D8%B5%D8%B7%D9%81%D9%89-%D8%A7%D9%84%D9%86%D8%AD%D8%A7%D8%B3/","winch","noindex-then-410","doorway/thin duplicate"
"https://winch-elsuez.com/winch/%D8%B4%D8%A7%D8%B1%D8%B9-%D8%A7%D9%84%D8%B7%D9%8A%D8%B1%D8%A7%D9%86/","winch","noindex-then-410","doorway/thin duplicate"
"https://winch-elsuez.com/winch/%D8%B4%D8%A7%D8%B1%D8%B9-%D8%B9%D8%A8%D8%A7%D8%B3-%D8%A7%D9%84%D8%B9%D9%82%D8%A7%D8%AF/","winch","noindex-then-410","doorway/thin duplicate"
"https://winch-elsuez.com/winch/%D8%B4%D8%A7%D8%B1%D8%B9-%D9%85%D9%83%D8%B1%D9%85-%D8%B9%D8%A8%D9%8A%D8%AF/","winch","noindex-then-410","doorway/thin duplicate"
"https://winch-elsuez.com/winch/%D8%B4%D8%A7%D8%B1%D8%B9-%D8%AD%D8%B3%D9%86-%D8%A7%D9%84%D9%85%D8%A3%D9%85%D9%88%D9%86/","winch","noindex-then-410","doorway/thin duplicate"
"https://winch-elsuez.com/winch/%D8%B4%D8%A7%D8%B1%D8%B9-%D8%B0%D8%A7%D9%83%D8%B1-%D8%AD%D8%B3%D9%8A%D9%86/","winch","noindex-then-410","doorway/thin duplicate"
"https://winch-elsuez.com/winch/%D8%B4%D8%A7%D8%B1%D8%B9-%D8%A3%D8%AD%D9%85%D8%AF-%D8%A7%D9%84%D8%B2%D9%85%D8%B1/","winch","noindex-then-410","doorway/thin duplicate"
"https://winch-elsuez.com/winch/%D8%B4%D8%A7%D8%B1%D8%B9-%D9%8A%D9%88%D8%B3%D9%81-%D8%B9%D8%A8%D8%A7%D8%B3/","winch","noindex-then-410","doorway/thin duplicate"
"https://winch-elsuez.com/winch/%D8%B4%D8%A7%D8%B1%D8%B9-%D8%A7%D9%84%D9%86%D8%B2%D9%87%D8%A9/","winch","noindex-then-410","doorway/thin duplicate"
"https://winch-elsuez.com/winch/%D8%B4%D8%A7%D8%B1%D8%B9-%D9%81%D8%B1%D9%8A%D8%AF-%D8%B3%D9%85%D9%8A%D9%83%D8%A9/","winch","noindex-then-410","doorway/thin duplicate"
"https://winch-elsuez.com/winch/%D8%B4%D8%A7%D8%B1%D8%B9-%D8%B9%D8%A8%D8%AF-%D8%A7%D9%84%D8%AD%D9%85%D9%8A%D8%AF-%D8%A8%D8%AF%D9%88%D9%8A/","winch","noindex-then-410","doorway/thin duplicate"
"https://winch-elsuez.com/winch/%D8%B4%D8%A7%D8%B1%D8%B9-%D8%A7%D9%84%D8%AD%D8%AC%D8%A7%D8%B2/","winch","noindex-then-410","doorway/thin duplicate"
"https://winch-elsuez.com/winch/%D8%B4%D8%A7%D8%B1%D8%B9-%D8%B9%D9%85%D8%A7%D8%B1-%D8%A8%D9%86-%D9%8A%D8%A7%D8%B3%D8%B1/","winch","noindex-then-410","doorway/thin duplicate"
"https://winch-elsuez.com/winch/%D8%B4%D8%A7%D8%B1%D8%B9-%D8%A3%D8%A8%D9%88-%D8%A8%D9%83%D8%B1-%D8%A7%D9%84%D8%B5%D8%AF%D9%8A%D9%82/","winch","noindex-then-410","doorway/thin duplicate"
"https://winch-elsuez.com/winch/%D8%B4%D8%A7%D8%B1%D8%B9-%D9%87%D8%A7%D8%B1%D9%88%D9%86-%D8%A7%D9%84%D8%B1%D8%B4%D9%8A%D8%AF/","winch","noindex-then-410","doorway/thin duplicate"
"https://winch-elsuez.com/winch/%D8%B4%D8%A7%D8%B1%D8%B9-%D8%AF%D9%85%D8%B4%D9%82/","winch","noindex-then-410","doorway/thin duplicate"
"https://winch-elsuez.com/winch/%D8%B4%D8%A7%D8%B1%D8%B9-%D8%A8%D9%8A%D8%B1%D9%88%D8%AA/","winch","noindex-then-410","doorway/thin duplicate"
"https://winch-elsuez.com/winch/%D8%B4%D8%A7%D8%B1%D8%B9-%D8%A7%D9%84%D8%AE%D9%84%D9%8A%D9%81%D8%A9-%D8%A7%D9%84%D9%85%D8%A3%D9%85%D9%88%D9%86/","winch","noindex-then-410","doorway/thin duplicate"
"https://winch-elsuez.com/winch/%D8%B4%D8%A7%D8%B1%D8%B9-%D8%A7%D9%84%D9%85%D9%8A%D8%B1%D8%BA%D9%86%D9%8A/","winch","noindex-then-410","doorway/thin duplicate"
"https://winch-elsuez.com/winch/%D8%B4%D8%A7%D8%B1%D8%B9-%D8%B1%D9%85%D8%B3%D9%8A%D8%B3/","winch","noindex-then-410","doorway/thin duplicate"
"https://winch-elsuez.com/winch/%D8%B4%D8%A7%D8%B1%D8%B9-%D8%A7%D9%84%D8%AC%D9%84%D8%A7%D8%A1/","winch","noindex-then-410","doorway/thin duplicate"
"https://winch-elsuez.com/winch/%D8%B4%D8%A7%D8%B1%D8%B9-26-%D9%8A%D9%88%D9%84%D9%8A%D9%88/","winch","noindex-then-410","doorway/thin duplicate"
"https://winch-elsuez.com/winch/%D8%B4%D8%A7%D8%B1%D8%B9-%D8%B9%D9%85%D8%A7%D8%AF-%D8%A7%D9%84%D8%AF%D9%8A%D9%86/","winch","noindex-then-410","doorway/thin duplicate"
"https://winch-elsuez.com/winch/%D8%B4%D8%A7%D8%B1%D8%B9-%D8%B7%D9%84%D8%B9%D8%AA-%D8%AD%D8%B1%D8%A8/","winch","noindex-then-410","doorway/thin duplicate"
"https://winch-elsuez.com/winch/%D8%B4%D8%A7%D8%B1%D8%B9-%D9%82%D8%B5%D8%B1-%D8%A7%D9%84%D9%86%D9%8A%D9%84/","winch","noindex-then-410","doorway/thin duplicate"
"https://winch-elsuez.com/winch/%D8%B4%D8%A7%D8%B1%D8%B9-%D8%B4%D8%A7%D9%85%D8%A8%D9%84%D9%8A%D9%88%D9%86/","winch","noindex-then-410","doorway/thin duplicate"
"https://winch-elsuez.com/winch/%D9%85%D9%8A%D8%AF%D8%A7%D9%86-%D8%A7%D9%84%D8%AA%D8%AD%D8%B1%D9%8A%D8%B1/","winch","noindex-then-410","doorway/thin duplicate"
"https://winch-elsuez.com/winch/%D9%85%D9%8A%D8%AF%D8%A7%D9%86-%D8%B7%D9%84%D8%B9%D8%AA-%D8%AD%D8%B1%D8%A8/","winch","noindex-then-410","doorway/thin duplicate"
"https://winch-elsuez.com/winch/%D9%85%D9%8A%D8%AF%D8%A7%D9%86-%D8%B1%D9%85%D8%B3%D9%8A%D8%B3/","winch","noindex-then-410","doorway/thin duplicate"
"https://winch-elsuez.com/winch/%D9%85%D9%8A%D8%AF%D8%A7%D9%86-%D8%A7%D9%84%D8%B9%D8%AA%D8%A8%D8%A9/","winch","noindex-then-410","doorway/thin duplicate"
"https://winch-elsuez.com/winch/%D9%85%D9%8A%D8%AF%D8%A7%D9%86-%D8%A7%D9%84%D8%A3%D9%88%D8%A8%D8%B1%D8%A7/","winch","noindex-then-410","doorway/thin duplicate"
"https://winch-elsuez.com/winch/%D9%85%D9%8A%D8%AF%D8%A7%D9%86-%D8%A7%D9%84%D9%81%D9%84%D9%83%D9%8A/","winch","noindex-then-410","doorway/thin duplicate"
"https://winch-elsuez.com/winch/%D9%85%D9%8A%D8%AF%D8%A7%D9%86-%D8%A8%D8%A7%D8%A8-%D8%A7%D9%84%D9%84%D9%88%D9%82/","winch","noindex-then-410","doorway/thin duplicate"
"https://winch-elsuez.com/winch/%D9%85%D9%8A%D8%AF%D8%A7%D9%86-%D9%85%D8%B5%D8%B7%D9%81%D9%89-%D9%83%D8%A7%D9%85%D9%84/","winch","noindex-then-410","doorway/thin duplicate"
"https://winch-elsuez.com/winch/%D8%B4%D8%A7%D8%B1%D8%B9-%D8%B4%D8%A8%D8%B1%D8%A7/","winch","noindex-then-410","doorway/thin duplicate"
"https://winch-elsuez.com/winch/%D8%B4%D8%A7%D8%B1%D8%B9-%D8%AE%D9%84%D9%88%D8%B5%D9%8A/","winch","noindex-then-410","doorway/thin duplicate"
"https://winch-elsuez.com/winch/%D8%B4%D8%A7%D8%B1%D8%B9-%D8%A3%D8%AD%D9%85%D8%AF-%D8%AD%D9%84%D9%85%D9%8A/","winch","noindex-then-410","doorway/thin duplicate"
"https://winch-elsuez.com/winch/%D8%B4%D8%A7%D8%B1%D8%B9-%D8%A7%D9%84%D8%AA%D8%B1%D8%B9%D8%A9-%D8%A7%D9%84%D8%A8%D9%88%D9%84%D8%A7%D9%82%D9%8A%D8%A9/","winch","noindex-then-410","doorway/thin duplicate"
"https://winch-elsuez.com/winch/%D8%B4%D8%A7%D8%B1%D8%B9-%D8%AC%D8%B2%D9%8A%D8%B1%D8%A9-%D8%A8%D8%AF%D8%B1%D8%A7%D9%86/","winch","noindex-then-410","doorway/thin duplicate"
"https://winch-elsuez.com/winch/%D9%85%D9%8A%D8%AF%D8%A7%D9%86-%D8%A7%D9%84%D9%85%D8%A4%D8%B3%D8%B3%D8%A9/","winch","noindex-then-410","doorway/thin duplicate"
"https://winch-elsuez.com/winch/%D9%85%D9%8A%D8%AF%D8%A7%D9%86-%D8%A7%D9%84%D9%85%D8%B7%D8%B1%D9%8A%D8%A9/","winch","noindex-then-410","doorway/thin duplicate"
"https://winch-elsuez.com/winch/%D9%85%D9%8A%D8%AF%D8%A7%D9%86-%D8%A7%D9%84%D8%A3%D9%84%D9%81-%D9%85%D8%B3%D9%83%D9%86/","winch","noindex-then-410","doorway/thin duplicate"
"https://winch-elsuez.com/winch/%D8%B4%D8%A7%D8%B1%D8%B9-%D8%B9%D9%8A%D9%86-%D8%B4%D9%85%D8%B3/","winch","noindex-then-410","doorway/thin duplicate"
"https://winch-elsuez.com/winch/%D8%B4%D8%A7%D8%B1%D8%B9-%D8%A3%D8%AD%D9%85%D8%AF-%D8%B9%D8%B5%D9%85%D8%AA/","winch","noindex-then-410","doorway/thin duplicate"
"https://winch-elsuez.com/winch/%D8%B4%D8%A7%D8%B1%D8%B9-6-%D8%A3%D9%83%D8%AA%D9%88%D8%A8%D8%B1-%D8%B9%D9%8A%D9%86-%D8%B4%D9%85%D8%B3/","winch","noindex-then-410","doorway/thin duplicate"
"https://winch-elsuez.com/winch/%D8%B4%D8%A7%D8%B1%D8%B9-%D9%85%D9%86%D8%B4%D9%8A%D8%A9-%D8%A7%D9%84%D8%AA%D8%AD%D8%B1%D9%8A%D8%B1/","winch","noindex-then-410","doorway/thin duplicate"
"https://winch-elsuez.com/winch/%D8%B4%D8%A7%D8%B1%D8%B9-%D9%85%D8%AA%D8%AD%D9%81-%D8%A7%D9%84%D9%85%D8%B7%D8%B1%D9%8A%D8%A9/","winch","noindex-then-410","doorway/thin duplicate"
"https://winch-elsuez.com/winch/%D8%B4%D8%A7%D8%B1%D8%B9-%D8%A7%D9%84%D9%83%D8%A7%D8%A8%D9%84%D8%A7%D8%AA/","winch","noindex-then-410","doorway/thin duplicate"
"https://winch-elsuez.com/winch/%D8%B4%D8%A7%D8%B1%D8%B9-%D8%A7%D9%84%D9%85%D8%B3%D9%84%D8%A9/","winch","noindex-then-410","doorway/thin duplicate"
"https://winch-elsuez.com/winch/%D8%B4%D8%A7%D8%B1%D8%B9-%D8%B3%D9%84%D9%8A%D9%85-%D8%A7%D9%84%D8%A3%D9%88%D9%84/","winch","noindex-then-410","doorway/thin duplicate"
"https://winch-elsuez.com/winch/%D8%B4%D8%A7%D8%B1%D8%B9-%D8%B7%D9%88%D9%85%D8%A7%D9%86-%D8%A8%D8%A7%D9%8A/","winch","noindex-then-410","doorway/thin duplicate"
"https://winch-elsuez.com/winch/%D8%B4%D8%A7%D8%B1%D8%B9-%D8%A7%D8%A8%D9%86-%D8%B3%D9%86%D8%AF%D8%B1/","winch","noindex-then-410","doorway/thin duplicate"
"https://winch-elsuez.com/winch/%D8%B4%D8%A7%D8%B1%D8%B9-%D8%AA%D8%B1%D8%B9%D8%A9-%D8%A7%D9%84%D8%AC%D8%A8%D9%84/","winch","noindex-then-410","doorway/thin duplicate"
"https://winch-elsuez.com/winch/%D8%B4%D8%A7%D8%B1%D8%B9-%D9%86%D8%B5%D9%88%D8%AD/","winch","noindex-then-410","doorway/thin duplicate"
"https://winch-elsuez.com/winch/%D8%B4%D8%A7%D8%B1%D8%B9-%D9%85%D8%B5%D8%B1-%D9%88%D8%A7%D9%84%D8%B3%D9%88%D8%AF%D8%A7%D9%86/","winch","noindex-then-410","doorway/thin duplicate"
"https://winch-elsuez.com/winch/%D8%B4%D8%A7%D8%B1%D8%B9-%D9%88%D9%84%D9%8A-%D8%A7%D9%84%D8%B9%D9%87%D8%AF/","winch","noindex-then-410","doorway/thin duplicate"
"https://winch-elsuez.com/winch/%D8%B4%D8%A7%D8%B1%D8%B9-%D8%AA%D8%B1%D8%B9%D8%A9-%D8%A7%D9%84%D9%82%D8%A8%D8%A9/","winch","noindex-then-410","doorway/thin duplicate"
"https://winch-elsuez.com/winch/%D8%B4%D8%A7%D8%B1%D8%B9-%D8%A7%D9%84%D8%B3%D9%83%D8%A9-%D8%A7%D9%84%D8%A8%D9%8A%D8%B6%D8%A7%D8%A1/","winch","noindex-then-410","doorway/thin duplicate"
"https://winch-elsuez.com/winch/%D8%B4%D8%A7%D8%B1%D8%B9-%D8%A7%D9%84%D8%B9%D8%A8%D8%A7%D8%B3%D9%8A%D8%A9/","winch","noindex-then-410","doorway/thin duplicate"
"https://winch-elsuez.com/winch/%D9%85%D9%8A%D8%AF%D8%A7%D9%86-%D8%B9%D8%A8%D8%AF%D9%87-%D8%A8%D8%A7%D8%B4%D8%A7/","winch","noindex-then-410","doorway/thin duplicate"
"https://winch-elsuez.com/winch/%D9%85%D9%8A%D8%AF%D8%A7%D9%86-%D8%A7%D9%84%D8%AC%D9%8A%D8%B4/","winch","noindex-then-410","doorway/thin duplicate"
"https://winch-elsuez.com/winch/%D8%B4%D8%A7%D8%B1%D8%B9-%D8%A8%D9%88%D8%B1%D8%B3%D8%B9%D9%8A%D8%AF/","winch","noindex-then-410","doorway/thin duplicate"
"https://winch-elsuez.com/winch/%D8%B4%D8%A7%D8%B1%D8%B9-%D8%A7%D9%84%D8%B8%D8%A7%D9%87%D8%B1/","winch","noindex-then-410","doorway/thin duplicate"
"https://winch-elsuez.com/winch/%D8%B4%D8%A7%D8%B1%D8%B9-%D8%A7%D9%84%D9%81%D8%AC%D8%A7%D9%84%D8%A9/","winch","noindex-then-410","doorway/thin duplicate"
"https://winch-elsuez.com/winch/%D8%B4%D8%A7%D8%B1%D8%B9-%D9%83%D9%84%D9%88%D8%AA-%D8%A8%D9%83/","winch","noindex-then-410","doorway/thin duplicate"
"https://winch-elsuez.com/winch/%D8%B4%D8%A7%D8%B1%D8%B9-%D8%A7%D9%84%D9%85%D8%B9%D8%B2-%D9%84%D8%AF%D9%8A%D9%86-%D8%A7%D9%84%D9%84%D9%87/","winch","noindex-then-410","doorway/thin duplicate"
"https://winch-elsuez.com/winch/%D8%B4%D8%A7%D8%B1%D8%B9-%D8%A7%D9%84%D8%A3%D8%B2%D9%87%D8%B1/","winch","noindex-then-410","doorway/thin duplicate"
"https://winch-elsuez.com/winch/%D8%B4%D8%A7%D8%B1%D8%B9-%D8%A7%D9%84%D8%AD%D8%B3%D9%8A%D9%86/","winch","noindex-then-410","doorway/thin duplicate"
"https://winch-elsuez.com/winch/%D8%B4%D8%A7%D8%B1%D8%B9-%D8%A7%D9%84%D8%B5%D8%A7%D8%BA%D8%A9/","winch","noindex-then-410","doorway/thin duplicate"
"https://winch-elsuez.com/winch/%D8%B4%D8%A7%D8%B1%D8%B9-%D8%AE%D8%A7%D9%86-%D8%A7%D9%84%D8%AE%D9%84%D9%8A%D9%84%D9%8A/","winch","noindex-then-410","doorway/thin duplicate"
"https://winch-elsuez.com/winch/%D8%B4%D8%A7%D8%B1%D8%B9-%D8%A7%D9%84%D8%BA%D9%88%D8%B1%D9%8A%D8%A9/","winch","noindex-then-410","doorway/thin duplicate"
"https://winch-elsuez.com/winch/%D8%B4%D8%A7%D8%B1%D8%B9-%D8%A3%D8%AD%D9%85%D8%AF-%D9%85%D8%A7%D9%87%D8%B1/","winch","noindex-then-410","doorway/thin duplicate"
"https://winch-elsuez.com/winch/%D8%B4%D8%A7%D8%B1%D8%B9-%D8%AA%D8%AD%D8%AA-%D8%A7%D9%84%D8%B1%D8%A8%D8%B9/","winch","noindex-then-410","doorway/thin duplicate"
"https://winch-elsuez.com/winch/%D8%B4%D8%A7%D8%B1%D8%B9-%D8%A7%D9%84%D8%AF%D8%B1%D8%A8-%D8%A7%D9%84%D8%A3%D8%AD%D9%85%D8%B1/","winch","noindex-then-410","doorway/thin duplicate"
"https://winch-elsuez.com/winch/%D8%B4%D8%A7%D8%B1%D8%B9-%D8%B3%D9%88%D9%82-%D8%A7%D9%84%D8%B3%D9%84%D8%A7%D8%AD/","winch","noindex-then-410","doorway/thin duplicate"
"https://winch-elsuez.com/winch/%D8%B4%D8%A7%D8%B1%D8%B9-%D8%A8%D8%A7%D8%A8-%D8%A7%D9%84%D9%88%D8%B2%D9%8A%D8%B1/","winch","noindex-then-410","doorway/thin duplicate"
"https://winch-elsuez.com/winch/%D8%B4%D8%A7%D8%B1%D8%B9-%D8%A7%D9%84%D9%82%D9%84%D8%B9%D8%A9/","winch","noindex-then-410","doorway/thin duplicate"
"https://winch-elsuez.com/winch/%D8%B4%D8%A7%D8%B1%D8%B9-%D8%B3%D9%83%D8%A9-%D8%A7%D9%84%D9%85%D8%AD%D8%AC%D8%B1/","winch","noindex-then-410","doorway/thin duplicate"
"https://winch-elsuez.com/winch/%D8%B4%D8%A7%D8%B1%D8%B9-%D8%A7%D9%84%D8%A3%D8%B4%D8%B1%D8%A7%D9%81/","winch","noindex-then-410","doorway/thin duplicate"
"https://winch-elsuez.com/winch/%D8%B4%D8%A7%D8%B1%D8%B9-%D9%85%D8%B1%D8%A7%D8%B3%D9%8A%D9%86%D8%A7/","winch","noindex-then-410","doorway/thin duplicate"
"https://winch-elsuez.com/winch/%D8%B4%D8%A7%D8%B1%D8%B9-%D8%A7%D9%84%D8%B3%D9%8A%D8%AF%D8%A9-%D9%86%D9%81%D9%8A%D8%B3%D8%A9/","winch","noindex-then-410","doorway/thin duplicate"
"https://winch-elsuez.com/winch/%D8%B4%D8%A7%D8%B1%D8%B9-%D8%A7%D9%84%D8%B3%D9%8A%D8%AF%D8%A9-%D8%B9%D8%A7%D8%A6%D8%B4%D8%A9/","winch","noindex-then-410","doorway/thin duplicate"
"https://winch-elsuez.com/winch/%D8%B4%D8%A7%D8%B1%D8%B9-%D8%A7%D9%84%D9%85%D9%86%D9%8A%D9%84/","winch","noindex-then-410","doorway/thin duplicate"
"https://winch-elsuez.com/winch/%D8%B4%D8%A7%D8%B1%D8%B9-%D8%B9%D8%A8%D8%AF-%D8%A7%D9%84%D8%B9%D8%B2%D9%8A%D8%B2-%D8%A2%D9%84-%D8%B3%D8%B9%D9%88%D8%AF/","winch","noindex-then-410","doorway/thin duplicate"
"https://winch-elsuez.com/winch/%D8%B4%D8%A7%D8%B1%D8%B9-%D9%85%D8%AA%D8%AD%D9%81-%D8%A7%D9%84%D9%85%D9%86%D9%8A%D9%84/","winch","noindex-then-410","doorway/thin duplicate"
"https://winch-elsuez.com/winch/%D8%B4%D8%A7%D8%B1%D8%B9-%D8%A7%D9%84%D8%B1%D9%88%D8%B6%D8%A9/","winch","noindex-then-410","doorway/thin duplicate"
"https://winch-elsuez.com/winch/%D8%B4%D8%A7%D8%B1%D8%B9-%D9%82%D8%B5%D8%B1-%D8%A7%D9%84%D8%B9%D9%8A%D9%86%D9%8A/","winch","noindex-then-410","doorway/thin duplicate"
"https://winch-elsuez.com/winch/%D8%B4%D8%A7%D8%B1%D8%B9-%D9%85%D8%AC%D9%84%D8%B3-%D8%A7%D9%84%D8%B4%D8%B9%D8%A8/","winch","noindex-then-410","doorway/thin duplicate"
"https://winch-elsuez.com/winch/%D8%B4%D8%A7%D8%B1%D8%B9-%D8%A7%D9%84%D8%B4%D9%8A%D8%AE-%D8%B1%D9%8A%D8%AD%D8%A7%D9%86/","winch","noindex-then-410","doorway/thin duplicate"
"https://winch-elsuez.com/winch/%D8%B4%D8%A7%D8%B1%D8%B9-%D8%A7%D9%84%D9%81%D9%84%D9%83%D9%8A/","winch","noindex-then-410","doorway/thin duplicate"
"https://winch-elsuez.com/winch/%D8%B4%D8%A7%D8%B1%D8%B9-%D9%85%D9%86%D8%B5%D9%88%D8%B1/","winch","noindex-then-410","doorway/thin duplicate"
"https://winch-elsuez.com/winch/%D8%B4%D8%A7%D8%B1%D8%B9-%D9%86%D9%88%D8%A8%D8%A7%D8%B1/","winch","noindex-then-410","doorway/thin duplicate"
"https://winch-elsuez.com/winch/%D8%B4%D8%A7%D8%B1%D8%B9-%D8%AE%D9%8A%D8%B1%D8%AA/","winch","noindex-then-410","doorway/thin duplicate"
"https://winch-elsuez.com/winch/%D8%B4%D8%A7%D8%B1%D8%B9-%D9%84%D8%A7%D8%B8%D9%88%D8%BA%D9%84%D9%8A/","winch","noindex-then-410","doorway/thin duplicate"
"https://winch-elsuez.com/winch/%D9%85%D9%8A%D8%AF%D8%A7%D9%86-%D9%84%D8%A7%D8%B8%D9%88%D8%BA%D9%84%D9%8A/","winch","noindex-then-410","doorway/thin duplicate"
"https://winch-elsuez.com/winch/%D8%B4%D8%A7%D8%B1%D8%B9-%D9%83%D9%88%D8%B1%D9%86%D9%8A%D8%B4-%D8%A7%D9%84%D9%86%D9%8A%D9%84-%D8%A7%D9%84%D9%85%D8%B9%D8%A7%D8%AF%D9%8A/","winch","noindex-then-410","doorway/thin duplicate"
"https://winch-elsuez.com/winch/%D8%B4%D8%A7%D8%B1%D8%B9-9-%D8%A7%D9%84%D9%85%D8%B9%D8%A7%D8%AF%D9%8A/","winch","noindex-then-410","doorway/thin duplicate"
"https://winch-elsuez.com/winch/%D8%B4%D8%A7%D8%B1%D8%B9-%D8%A7%D9%84%D9%86%D8%B5%D8%B1-%D8%A7%D9%84%D9%85%D8%B9%D8%A7%D8%AF%D9%8A/","winch","noindex-then-410","doorway/thin duplicate"
"https://winch-elsuez.com/winch/%D8%B4%D8%A7%D8%B1%D8%B9-%D8%A7%D9%84%D9%84%D8%A7%D8%B3%D9%84%D9%83%D9%8A/","winch","noindex-then-410","doorway/thin duplicate"
"https://winch-elsuez.com/winch/%D8%B4%D8%A7%D8%B1%D8%B9-%D9%81%D9%84%D8%B3%D8%B7%D9%8A%D9%86/","winch","noindex-then-410","doorway/thin duplicate"
"https://winch-elsuez.com/winch/%D8%B4%D8%A7%D8%B1%D8%B9-%D8%A7%D9%84%D8%AC%D8%B2%D8%A7%D8%A6%D8%B1/","winch","noindex-then-410","doorway/thin duplicate"
"https://winch-elsuez.com/winch/%D9%85%D9%8A%D8%AF%D8%A7%D9%86-%D8%AF%D8%AC%D9%84%D8%A9/","winch","noindex-then-410","doorway/thin duplicate"
"https://winch-elsuez.com/winch/%D9%85%D9%8A%D8%AF%D8%A7%D9%86-%D9%81%D9%8A%D9%83%D8%AA%D9%88%D8%B1%D9%8A%D8%A7/","winch","noindex-then-410","doorway/thin duplicate"
"https://winch-elsuez.com/winch/%D9%85%D9%8A%D8%AF%D8%A7%D9%86-%D8%A7%D9%84%D8%AD%D8%B1%D9%8A%D8%A9-%D8%A7%D9%84%D9%85%D8%B9%D8%A7%D8%AF%D9%8A/","winch","noindex-then-410","doorway/thin duplicate"
"https://winch-elsuez.com/winch/%D9%85%D9%8A%D8%AF%D8%A7%D9%86-%D8%A7%D9%84%D9%85%D8%AD%D8%B7%D8%A9-%D8%A7%D9%84%D9%85%D8%B9%D8%A7%D8%AF%D9%8A/","winch","noindex-then-410","doorway/thin duplicate"
"https://winch-elsuez.com/winch/%D9%85%D9%8A%D8%AF%D8%A7%D9%86-%D8%A7%D9%84%D9%81%D8%A7%D8%B1%D9%88%D9%82/","winch","noindex-then-410","doorway/thin duplicate"
"https://winch-elsuez.com/winch/%D8%B4%D8%A7%D8%B1%D8%B9-%D8%A7%D9%84%D8%A3%D9%88%D8%AA%D9%88%D8%B3%D8%AA%D8%B1%D8%A7%D8%AF-%D8%A7%D9%84%D9%85%D8%B9%D8%A7%D8%AF%D9%8A/","winch","noindex-then-410","doorway/thin duplicate"
"https://winch-elsuez.com/winch/%D8%B4%D8%A7%D8%B1%D8%B9-%D8%A7%D9%84%D8%AE%D9%85%D8%B3%D9%8A%D9%86-%D8%B2%D9%87%D8%B1%D8%A7%D8%A1-%D8%A7%D9%84%D9%85%D8%B9%D8%A7%D8%AF%D9%8A/","winch","noindex-then-410","doorway/thin duplicate"
"https://winch-elsuez.com/winch/%D8%B4%D8%A7%D8%B1%D8%B9-%D8%A7%D9%84%D8%B2%D9%87%D8%B1%D8%A7%D8%A1-%D8%A7%D9%84%D8%B1%D8%A6%D9%8A%D8%B3%D9%8A/","winch","noindex-then-410","doorway/thin duplicate"
"https://winch-elsuez.com/winch/%D8%B4%D8%A7%D8%B1%D8%B9-%D9%86%D8%A7%D8%AF%D9%8A-%D9%88%D8%A7%D8%AF%D9%8A-%D8%AF%D8%AC%D9%84%D8%A9/","winch","noindex-then-410","doorway/thin duplicate"
"https://winch-elsuez.com/winch/%D8%B4%D8%A7%D8%B1%D8%B9-%D9%85%D8%AC%D9%85%D8%B9-%D8%A7%D9%84%D9%86%D9%88%D8%A7%D8%AF%D9%8A/","winch","noindex-then-410","doorway/thin duplicate"
"https://winch-elsuez.com/winch/%D8%B7%D8%B1%D9%8A%D9%82-%D8%A7%D9%84%D9%82%D8%B7%D8%A7%D9%85%D9%8A%D8%A9-%D8%A7%D9%84%D8%B9%D9%8A%D9%86-%D8%A7%D9%84%D8%B3%D8%AE%D9%86%D8%A9/","winch","noindex-then-410","doorway/thin duplicate"
"https://winch-elsuez.com/winch/%D8%B7%D8%B1%D9%8A%D9%82-%D8%A7%D9%84%D9%82%D8%B7%D8%A7%D9%85%D9%8A%D8%A9-%D8%A7%D9%84%D9%82%D8%AF%D9%8A%D9%85/","winch","noindex-then-410","doorway/thin duplicate"
"https://winch-elsuez.com/winch/%D9%85%D8%AD%D9%88%D8%B1-%D8%AD%D8%B3%D8%A8-%D8%A7%D9%84%D9%84%D9%87-%D8%A7%D9%84%D9%83%D9%81%D8%B1%D8%A7%D9%88%D9%8A/","winch","noindex-then-410","doorway/thin duplicate"
"https://winch-elsuez.com/winch/%D9%85%D8%AD%D9%88%D8%B1-%D8%B7%D9%87-%D8%AD%D8%B3%D9%8A%D9%86-%D8%A7%D9%84%D9%86%D8%B2%D9%87%D8%A9/","winch","noindex-then-410","doorway/thin duplicate"
"https://winch-elsuez.com/winch/%D9%85%D8%AD%D9%88%D8%B1-%D8%A7%D9%84%D9%81%D8%B1%D9%8A%D9%82-%D9%85%D8%AD%D9%85%D8%AF-%D8%A7%D9%84%D8%B9%D8%B5%D8%A7%D8%B1/","winch","noindex-then-410","doorway/thin duplicate"
"https://winch-elsuez.com/winch/%D9%85%D8%AD%D9%88%D8%B1-%D8%AA%D8%B1%D8%B9%D8%A9-%D8%A7%D9%84%D8%A5%D8%B3%D9%85%D8%A7%D8%B9%D9%8A%D9%84%D9%8A%D8%A9/","winch","noindex-then-410","doorway/thin duplicate"
"https://winch-elsuez.com/winch/%D9%85%D8%AD%D9%88%D8%B1-%D9%85%D8%A4%D8%B3%D8%B3%D8%A9-%D8%A7%D9%84%D8%B2%D9%83%D8%A7%D8%A9/","winch","noindex-then-410","doorway/thin duplicate"
"https://winch-elsuez.com/winch/%D9%85%D8%AD%D9%88%D8%B1-%D8%AC%D9%85%D8%A7%D9%84-%D8%B9%D8%A8%D8%AF-%D8%A7%D9%84%D9%86%D8%A7%D8%B5%D8%B1-%D8%A7%D9%84%D9%82%D8%A7%D9%87%D8%B1%D8%A9-%D8%A7%D9%84%D8%AC%D8%AF%D9%8A%D8%AF%D8%A9/","winch","noindex-then-410","doorway/thin duplicate"
"https://winch-elsuez.com/winch/%D9%85%D8%AD%D9%88%D8%B1-%D8%A7%D9%84%D8%B3%D8%A7%D8%AF%D8%A7%D8%AA-%D8%A7%D9%84%D9%82%D8%A7%D9%87%D8%B1%D8%A9-%D8%A7%D9%84%D8%AC%D8%AF%D9%8A%D8%AF%D8%A9/","winch","noindex-then-410","doorway/thin duplicate"
"https://winch-elsuez.com/winch/%D9%85%D8%AD%D9%88%D8%B1-%D8%B7%D8%A7%D8%B1%D9%82-%D9%86%D9%88%D8%B1/","winch","noindex-then-410","doorway/thin duplicate"
"https://winch-elsuez.com/winch/%D9%85%D8%AD%D9%88%D8%B1-24-%D8%A7%D9%84%D8%A3%D9%85%D9%84/","winch","noindex-then-410","doorway/thin duplicate"
"https://winch-elsuez.com/winch/%D8%B4%D8%A7%D8%B1%D8%B9-%D8%A7%D9%84%D8%AA%D8%B3%D8%B9%D9%8A%D9%86-%D8%A7%D9%84%D8%B4%D9%85%D8%A7%D9%84%D9%8A/","winch","noindex-then-410","doorway/thin duplicate"
"https://winch-elsuez.com/winch/%D8%B4%D8%A7%D8%B1%D8%B9-%D8%A7%D9%84%D8%AA%D8%B3%D8%B9%D9%8A%D9%86-%D8%A7%D9%84%D8%AC%D9%86%D9%88%D8%A8%D9%8A/","winch","noindex-then-410","doorway/thin duplicate"
"https://winch-elsuez.com/winch/%D9%85%D8%AD%D9%88%D8%B1-%D8%A7%D9%84%D8%B9%D8%A8%D9%88%D8%B1/","winch","noindex-then-410","doorway/thin duplicate"
"https://winch-elsuez.com/winch/%D8%B4%D8%A7%D8%B1%D8%B9-%D8%A7%D9%84%D8%A3%D9%85%D9%84-%D8%A7%D9%84%D8%B9%D8%A8%D9%88%D8%B1/","winch","noindex-then-410","doorway/thin duplicate"
"https://winch-elsuez.com/winch/%D8%B4%D8%A7%D8%B1%D8%B9-%D8%A7%D9%84%D8%B4%D8%A8%D8%A7%D8%A8-%D8%A7%D9%84%D8%B9%D8%A8%D9%88%D8%B1/","winch","noindex-then-410","doorway/thin duplicate"
"https://winch-elsuez.com/winch/%D8%B4%D8%A7%D8%B1%D8%B9-%D8%A7%D9%84%D8%AB%D9%82%D8%A7%D9%81%D8%A9-%D8%A7%D9%84%D8%B9%D8%A8%D9%88%D8%B1/","winch","noindex-then-410","doorway/thin duplicate"
"https://winch-elsuez.com/winch/%D8%B4%D8%A7%D8%B1%D8%B9-%D8%A7%D9%84%D8%B3%D9%86%D8%AA%D8%B1%D8%A7%D9%84-%D8%A7%D9%84%D8%B9%D8%A8%D9%88%D8%B1/","winch","noindex-then-410","doorway/thin duplicate"
"https://winch-elsuez.com/winch/%D8%B4%D8%A7%D8%B1%D8%B9-%D8%A3%D8%AD%D9%85%D8%AF-%D8%B9%D8%B1%D8%A7%D8%A8%D9%8A-%D8%A7%D9%84%D8%B9%D8%A8%D9%88%D8%B1/","winch","noindex-then-410","doorway/thin duplicate"
"https://winch-elsuez.com/winch/%D8%B7%D8%B1%D9%8A%D9%82-%D9%85%D8%B5%D8%B1-%D8%A7%D9%84%D8%A5%D8%B3%D9%85%D8%A7%D8%B9%D9%8A%D9%84%D9%8A%D8%A9-%D8%A7%D9%84%D8%B5%D8%AD%D8%B1%D8%A7%D9%88%D9%8A/","winch","noindex-then-410","doorway/thin duplicate"
"https://winch-elsuez.com/winch/%D8%B7%D8%B1%D9%8A%D9%82-%D8%A8%D9%84%D8%A8%D9%8A%D8%B3-%D8%A7%D9%84%D8%B5%D8%AD%D8%B1%D8%A7%D9%88%D9%8A/","winch","noindex-then-410","doorway/thin duplicate"
"https://winch-elsuez.com/winch/%D9%85%D8%AF%D9%8A%D9%86%D8%A9-%D8%A7%D9%84%D8%AD%D8%B1%D9%81%D9%8A%D9%8A%D9%86/","winch","noindex-then-410","doorway/thin duplicate"
"https://winch-elsuez.com/winch/%D8%A7%D9%84%D9%86%D8%B2%D9%87%D8%A9-%D8%A7%D9%84%D8%AC%D8%AF%D9%8A%D8%AF%D8%A9/","winch","noindex-then-410","doorway/thin duplicate"
"https://winch-elsuez.com/winch/%D9%85%D8%B3%D8%A7%D9%83%D9%86-%D8%B4%D9%8A%D8%B1%D8%A7%D8%AA%D9%88%D9%86/","winch","noindex-then-410","doorway/thin duplicate"
"https://winch-elsuez.com/winch/%D8%A3%D8%B1%D8%B6-%D8%A7%D9%84%D8%AC%D9%88%D9%84%D9%81/","winch","noindex-then-410","doorway/thin duplicate"
"https://winch-elsuez.com/winch/%D9%85%D9%86%D8%B4%D9%8A%D8%A9-%D8%A7%D9%84%D8%A8%D9%83%D8%B1%D9%8A/","winch","noindex-then-410","doorway/thin duplicate"
"https://winch-elsuez.com/winch/%D8%A7%D9%84%D9%85%D8%A7%D8%B8%D8%A9/","winch","noindex-then-410","doorway/thin duplicate"
"https://winch-elsuez.com/winch/%D8%B9%D8%B2%D8%A8%D8%A9-%D8%A7%D9%84%D9%86%D8%AE%D9%84/","winch","noindex-then-410","doorway/thin duplicate"
"https://winch-elsuez.com/winch/%D9%85%D9%86%D8%B4%D9%8A%D8%A9-%D8%A7%D9%84%D8%B3%D8%AF-%D8%A7%D9%84%D8%B9%D8%A7%D9%84%D9%8A/","winch","noindex-then-410","doorway/thin duplicate"
"https://winch-elsuez.com/winch/%D9%83%D9%81%D8%B1-%D8%A7%D9%84%D8%B4%D8%B1%D9%81%D8%A7/","winch","noindex-then-410","doorway/thin duplicate"
"https://winch-elsuez.com/winch/%D8%A7%D9%84%D9%85%D8%B1%D8%AC-%D8%A7%D9%84%D8%AC%D8%AF%D9%8A%D8%AF%D8%A9/","winch","noindex-then-410","doorway/thin duplicate"
"https://winch-elsuez.com/winch/%D8%A7%D9%84%D9%85%D8%B1%D8%AC-%D8%A7%D9%84%D9%82%D8%AF%D9%8A%D9%85%D8%A9/","winch","noindex-then-410","doorway/thin duplicate"
"https://winch-elsuez.com/winch/%D9%85%D8%A4%D8%B3%D8%B3%D8%A9-%D8%A7%D9%84%D8%B2%D9%83%D8%A7%D8%A9/","winch","noindex-then-410","doorway/thin duplicate"
"https://winch-elsuez.com/winch/%D8%B9%D8%B1%D8%A8-%D8%A7%D9%84%D8%AD%D8%B5%D9%86/","winch","noindex-then-410","doorway/thin duplicate"
"https://winch-elsuez.com/winch/%D8%B9%D8%B2%D8%A8%D8%A9-%D8%B4%D9%86%D9%88%D8%AF%D8%A9/","winch","noindex-then-410","doorway/thin duplicate"
"https://winch-elsuez.com/winch/%D8%B4%D8%AC%D8%B1%D8%A9-%D9%85%D8%B1%D9%8A%D9%85/","winch","noindex-then-410","doorway/thin duplicate"
"https://winch-elsuez.com/winch/%D9%85%D9%86%D8%B4%D9%8A%D8%A9-%D8%A7%D9%84%D8%B5%D8%AF%D8%B1/","winch","noindex-then-410","doorway/thin duplicate"
"https://winch-elsuez.com/winch/%D8%A7%D9%84%D8%B2%D9%87%D8%B1%D8%A7%D8%A1/","winch","noindex-then-410","doorway/thin duplicate"
"https://winch-elsuez.com/winch/%D8%AD%D9%85%D8%A7%D9%85-%D8%A7%D9%84%D9%82%D8%A8%D8%A9/","winch","noindex-then-410","doorway/thin duplicate"
"https://winch-elsuez.com/winch/%D8%B3%D8%B1%D8%A7%D9%8A-%D8%A7%D9%84%D9%82%D8%A8%D8%A9/","winch","noindex-then-410","doorway/thin duplicate"
"https://winch-elsuez.com/winch/%D9%83%D9%88%D8%A8%D8%B1%D9%8A-%D8%A7%D9%84%D9%82%D8%A8%D8%A9/","winch","noindex-then-410","doorway/thin duplicate"
"https://winch-elsuez.com/winch/%D8%AF%D9%8A%D8%B1-%D8%A7%D9%84%D9%85%D9%84%D8%A7%D9%83/","winch","noindex-then-410","doorway/thin duplicate"
"https://winch-elsuez.com/winch/%D8%A3%D8%A8%D9%88-%D8%AD%D8%B4%D9%8A%D8%B4/","winch","noindex-then-410","doorway/thin duplicate"
"https://winch-elsuez.com/winch/%D8%B9%D8%B2%D8%A8%D8%A9-%D8%B4%D8%A7%D9%87%D9%8A%D9%86/","winch","noindex-then-410","doorway/thin duplicate"
"https://winch-elsuez.com/winch/%D8%BA%D9%85%D8%B1%D8%A9/","winch","noindex-then-410","doorway/thin duplicate"
"https://winch-elsuez.com/winch/%D8%A7%D9%84%D8%B4%D8%B1%D8%A7%D8%A8%D9%8A%D8%A9/","winch","noindex-then-410","doorway/thin duplicate"
"https://winch-elsuez.com/winch/%D8%A7%D9%84%D9%87%D9%85%D8%A7%D9%85/","winch","noindex-then-410","doorway/thin duplicate"
"https://winch-elsuez.com/winch/%D8%A7%D9%84%D9%85%D9%87%D9%85%D8%B4%D8%A9/","winch","noindex-then-410","doorway/thin duplicate"
"https://winch-elsuez.com/winch/%D8%B9%D8%B2%D8%A8%D8%A9-%D8%A8%D9%84%D8%A7%D9%84/","winch","noindex-then-410","doorway/thin duplicate"
"https://winch-elsuez.com/winch/%D8%A3%D8%A8%D9%88-%D9%88%D8%A7%D9%81%D9%8A%D8%A9/","winch","noindex-then-410","doorway/thin duplicate"
"https://winch-elsuez.com/winch/%D8%A7%D9%84%D8%AA%D8%B1%D8%B9%D8%A9-%D8%A7%D9%84%D8%A8%D9%88%D9%84%D8%A7%D9%82%D9%8A%D8%A9/","winch","noindex-then-410","doorway/thin duplicate"
"https://winch-elsuez.com/winch/%D9%85%D8%B9%D9%85%D9%84-%D8%A7%D9%84%D8%B5%D8%A7%D8%A8%D9%88%D9%86/","winch","noindex-then-410","doorway/thin duplicate"
"https://winch-elsuez.com/winch/%D9%85%D9%86%D9%8A%D8%A9-%D8%A7%D9%84%D8%B3%D9%8A%D8%B1%D8%AC/","winch","noindex-then-410","doorway/thin duplicate"
"https://winch-elsuez.com/winch/%D8%A7%D9%84%D8%AE%D8%A7%D8%B2%D9%86%D8%AF%D8%A7%D8%B1/","winch","noindex-then-410","doorway/thin duplicate"
"https://winch-elsuez.com/winch/%D9%81%D9%8A%D9%83%D8%AA%D9%88%D8%B1%D9%8A%D8%A7-%D8%B4%D8%A8%D8%B1%D8%A7/","winch","noindex-then-410","doorway/thin duplicate"
"https://winch-elsuez.com/winch/%D8%A7%D9%84%D8%B3%D8%A7%D8%AD%D9%84-%D8%B4%D8%A8%D8%B1%D8%A7/","winch","noindex-then-410","doorway/thin duplicate"
"https://winch-elsuez.com/winch/%D8%B7%D9%88%D8%B3%D9%88%D9%86/","winch","noindex-then-410","doorway/thin duplicate"
"https://winch-elsuez.com/winch/%D8%B1%D9%88%D8%B6-%D8%A7%D9%84%D9%81%D8%B1%D8%AC-%D8%A7%D9%84%D8%A8%D9%84%D8%AF/","winch","noindex-then-410","doorway/thin duplicate"
"https://winch-elsuez.com/winch/%D8%A7%D9%84%D9%85%D8%A8%D9%8A%D8%B6%D8%A9/","winch","noindex-then-410","doorway/thin duplicate"
"https://winch-elsuez.com/winch/%D8%B9%D8%B2%D8%A8%D8%A9-%D8%AC%D8%B1%D8%AC%D8%B3/","winch","noindex-then-410","doorway/thin duplicate"
"https://winch-elsuez.com/winch/%D8%A3%D8%A8%D9%88-%D9%84%D9%8A%D9%84%D8%A9/","winch","noindex-then-410","doorway/thin duplicate"
"https://winch-elsuez.com/winch/%D8%A7%D9%84%D8%B3%D9%86%D8%AF%D8%A8%D9%8A%D8%B3/","winch","noindex-then-410","doorway/thin duplicate"
"https://winch-elsuez.com/winch/%D8%AC%D8%B1%D8%A7%D9%86%D8%AF-%D9%85%D9%88%D9%84-%D8%A7%D9%84%D9%85%D8%B9%D8%A7%D8%AF%D9%8A/","winch","noindex-then-410","doorway/thin duplicate"
"https://winch-elsuez.com/winch/%D9%85%D8%AF%D9%8A%D9%86%D8%A9-%D8%A7%D9%84%D8%A3%D9%85%D9%84/","winch","noindex-then-410","doorway/thin duplicate"
"https://winch-elsuez.com/winch/%D8%B3%D9%8A%D8%AA%D9%8A-%D8%B3%D9%86%D8%AA%D8%B1/","winch","noindex-then-410","doorway/thin duplicate"
"https://winch-elsuez.com/winch/%D8%A7%D9%84%D9%85%D8%B3%D8%AA%D8%AB%D9%85%D8%B1%D9%8A%D9%86-%D8%A7%D9%84%D8%B4%D9%85%D8%A7%D9%84%D9%8A%D8%A9/","winch","noindex-then-410","doorway/thin duplicate"
"https://winch-elsuez.com/winch/%D8%A7%D9%84%D9%85%D8%B3%D8%AA%D8%AB%D9%85%D8%B1%D9%8A%D9%86-%D8%A7%D9%84%D8%AC%D9%86%D9%88%D8%A8%D9%8A%D8%A9/","winch","noindex-then-410","doorway/thin duplicate"
"https://winch-elsuez.com/winch/%D8%A7%D9%84%D8%AC%D9%8A%D8%B2%D8%A9/","winch","noindex-then-410","doorway/thin duplicate"
"https://winch-elsuez.com/winch/%D8%A7%D9%84%D8%B4%D9%8A%D8%AE-%D8%B2%D8%A7%D9%8A%D8%AF/","winch","noindex-then-410","doorway/thin duplicate"
"https://winch-elsuez.com/winch/%D8%A7%D9%84%D8%B3%D8%A7%D8%AF%D8%B3-%D9%85%D9%86-%D8%A7%D9%83%D8%AA%D9%88%D8%A8%D8%B1/","winch","noindex-then-410","doorway/thin duplicate"
"https://winch-elsuez.com/winch/%D8%AD%D8%AF%D8%A7%D8%A6%D9%82-%D8%A7%D9%84%D8%A7%D9%87%D8%B1%D8%A7%D9%85/","winch","noindex-then-410","doorway/thin duplicate"
"https://winch-elsuez.com/winch/%D9%87%D8%B6%D8%A8%D8%A9-%D8%A7%D9%84%D8%A7%D9%87%D8%B1%D8%A7%D9%85/","winch","noindex-then-410","doorway/thin duplicate"
"https://winch-elsuez.com/winch/%D8%A7%D9%84%D9%87%D8%B1%D9%85/","winch","noindex-then-410","doorway/thin duplicate"
"https://winch-elsuez.com/winch/%D8%A7%D9%84%D8%B9%D9%85%D8%B1%D8%A7%D9%86%D9%8A%D8%A9/","winch","noindex-then-410","doorway/thin duplicate"
"https://winch-elsuez.com/winch/%D8%A7%D9%84%D8%B7%D8%A7%D9%84%D8%A8%D9%8A%D8%A9/","winch","noindex-then-410","doorway/thin duplicate"
"https://winch-elsuez.com/winch/%D8%A7%D9%84%D8%B9%D8%AC%D9%88%D8%B2%D8%A9/","winch","noindex-then-410","doorway/thin duplicate"
"https://winch-elsuez.com/winch/%D8%A7%D9%84%D8%AF%D9%82%D9%8A/","winch","noindex-then-410","doorway/thin duplicate"
"https://winch-elsuez.com/winch/%D8%A7%D9%84%D9%85%D9%87%D9%86%D8%AF%D8%B3%D9%8A%D9%86/","winch","noindex-then-410","doorway/thin duplicate"
"https://winch-elsuez.com/winch/%D9%85%D9%8A%D8%AF%D8%A7%D9%86-%D9%84%D8%A8%D9%86%D8%A7%D9%86/","winch","noindex-then-410","doorway/thin duplicate"
"https://winch-elsuez.com/winch/%D8%AC%D8%A7%D9%85%D8%B9%D8%A9-%D8%A7%D9%84%D8%AF%D9%88%D9%84/","winch","noindex-then-410","doorway/thin duplicate"
"https://winch-elsuez.com/winch/%D8%A7%D9%84%D8%A8%D8%B7%D9%84-%D8%A7%D8%AD%D9%85%D8%AF-%D8%B9%D8%A8%D8%AF-%D8%A7%D9%84%D8%B9%D8%B2%D9%8A%D8%B2/","winch","noindex-then-410","doorway/thin duplicate"
"https://winch-elsuez.com/winch/%D8%B4%D8%A7%D8%B1%D8%B9-%D8%A7%D9%84%D8%B3%D9%88%D8%AF%D8%A7%D9%86/","winch","noindex-then-410","doorway/thin duplicate"
"https://winch-elsuez.com/winch/%D9%85%D8%AD%D9%88%D8%B1-26-%D9%8A%D9%88%D9%84%D9%8A%D9%88/","winch","noindex-then-410","doorway/thin duplicate"
"https://winch-elsuez.com/winch/%D8%A7%D9%84%D9%85%D8%B1%D9%8A%D9%88%D8%B7%D9%8A%D8%A9/","winch","noindex-then-410","doorway/thin duplicate"
"https://winch-elsuez.com/winch/%D8%A7%D9%84%D9%85%D9%86%D8%B5%D9%88%D8%B1%D9%8A%D8%A9/","winch","noindex-then-410","doorway/thin duplicate"
"https://winch-elsuez.com/winch/%D8%B7%D8%B1%D9%8A%D9%82-%D8%A7%D9%84%D9%88%D8%A7%D8%AD%D8%A7%D8%AA/","winch","noindex-then-410","doorway/thin duplicate"
"https://winch-elsuez.com/winch/%D8%B7%D8%B1%D9%8A%D9%82-%D9%85%D8%B5%D8%B1-%D8%A7%D8%B3%D9%83%D9%86%D8%AF%D8%B1%D9%8A%D8%A9-%D8%A7%D9%84%D8%B5%D8%AD%D8%B1%D8%A7%D9%88%D9%8A/","winch","noindex-then-410","doorway/thin duplicate"
"https://winch-elsuez.com/winch/%D8%AF%D9%87%D8%B4%D9%88%D8%B1/","winch","noindex-then-410","doorway/thin duplicate"
"https://winch-elsuez.com/winch/%D8%AD%D8%AF%D8%A7%D8%A6%D9%82-%D8%A7%D9%83%D8%AA%D9%88%D8%A8%D8%B1/","winch","noindex-then-410","doorway/thin duplicate"
"https://winch-elsuez.com/winch/%D8%A7%D9%83%D8%AA%D9%88%D8%A8%D8%B1-%D8%A7%D9%84%D8%AC%D8%AF%D9%8A%D8%AF%D8%A9/","winch","noindex-then-410","doorway/thin duplicate"
"https://winch-elsuez.com/winch/%D8%A7%D9%84%D9%85%D9%86%D8%B7%D9%82%D8%A9-%D8%A7%D9%84%D8%B3%D9%8A%D8%A7%D8%AD%D9%8A%D8%A9/","winch","noindex-then-410","doorway/thin duplicate"
"https://winch-elsuez.com/winch/%D8%A7%D9%84%D8%AA%D9%88%D8%B3%D8%B9%D8%A7%D8%AA-%D8%A7%D9%84%D8%B4%D9%85%D8%A7%D9%84%D9%8A%D8%A9/","winch","noindex-then-410","doorway/thin duplicate"
"https://winch-elsuez.com/winch/%D8%A7%D9%84%D8%AD%D9%8A-%D8%A7%D9%84%D9%85%D8%AA%D9%85%D9%8A%D8%B2-%D8%A7%D9%83%D8%AA%D9%88%D8%A8%D8%B1/","winch","noindex-then-410","doorway/thin duplicate"
"https://winch-elsuez.com/winch/%D8%BA%D8%B1%D8%A8-%D8%B3%D9%88%D9%85%D9%8A%D8%AF/","winch","noindex-then-410","doorway/thin duplicate"
"https://winch-elsuez.com/winch/%D8%A7%D9%84%D9%85%D8%B1%D9%8A%D9%88%D8%B7%D9%8A%D9%87/","winch","noindex-then-410","doorway/thin duplicate"
"https://winch-elsuez.com/winch/%D8%A7%D9%84%D8%B9%D8%AC%D9%88%D8%B2%D9%87/","winch","noindex-then-410","doorway/thin duplicate"
"https://winch-elsuez.com/winch/%D9%83%D8%B1%D8%AF%D8%A7%D8%B3%D9%87/","winch","noindex-then-410","doorway/thin duplicate"
"https://winch-elsuez.com/winch/%D9%85%D9%8A%D8%AF%D8%A7%D9%86-%D8%A7%D9%84%D8%AF%D9%82%D9%8A/","winch","noindex-then-410","doorway/thin duplicate"
"https://winch-elsuez.com/winch/%D8%AA%D8%B1%D8%B3%D8%A7/","winch","noindex-then-410","doorway/thin duplicate"
"https://winch-elsuez.com/winch/%D8%A7%D9%84%D8%B7%D8%A7%D9%84%D8%A8%D9%8A%D9%87/","winch","noindex-then-410","doorway/thin duplicate"
"https://winch-elsuez.com/winch/%D8%A7%D9%84%D8%AA%D8%B9%D8%A7%D9%88%D9%86/","winch","noindex-then-410","doorway/thin duplicate"
"https://winch-elsuez.com/winch/%D9%85%D8%AF%D9%8A%D9%86%D8%A9-%D8%A7%D9%84%D8%AC%D9%8A%D8%B2%D8%A9/","winch","noindex-then-410","doorway/thin duplicate"
"https://winch-elsuez.com/winch/%D8%B2%D8%A7%D9%8A%D8%AF/","winch","noindex-then-410","doorway/thin duplicate"
"https://winch-elsuez.com/winch/%D8%A7%D9%83%D8%AA%D9%88%D8%A8%D8%B1/","winch","noindex-then-410","doorway/thin duplicate"
"https://winch-elsuez.com/winch/%D8%A7%D9%84%D8%A8%D8%B1%D8%A7%D8%AC%D9%8A%D9%84/","winch","noindex-then-410","doorway/thin duplicate"
"https://winch-elsuez.com/winch/%D9%88%D8%B1%D8%A7%D9%82-%D8%A7%D9%84%D8%AD%D8%B6%D8%B1/","winch","noindex-then-410","doorway/thin duplicate"
"https://winch-elsuez.com/winch/%D9%88%D8%B1%D8%A7%D9%82-%D8%A7%D9%84%D8%B9%D8%B1%D8%A8/","winch","noindex-then-410","doorway/thin duplicate"
"https://winch-elsuez.com/winch/%D9%88%D8%B1%D8%A7%D9%82-%D8%A7%D9%84%D9%86%D9%8A%D9%84/","winch","noindex-then-410","doorway/thin duplicate"
"https://winch-elsuez.com/winch/%D8%AD%D9%8A-%D8%A7%D9%84%D9%88%D8%B1%D8%A7%D9%82/","winch","noindex-then-410","doorway/thin duplicate"
"https://winch-elsuez.com/winch/%D8%A8%D8%B4%D8%AA%D9%8A%D9%84/","winch","noindex-then-410","doorway/thin duplicate"
"https://winch-elsuez.com/winch/%D8%A7%D9%88%D8%B3%D9%8A%D9%85/","winch","noindex-then-410","doorway/thin duplicate"
"https://winch-elsuez.com/winch/%D9%83%D9%88%D9%85%D8%A8%D8%B1%D9%87/","winch","noindex-then-410","doorway/thin duplicate"
"https://winch-elsuez.com/winch/%D9%86%D8%A7%D9%87%D9%8A%D8%A7/","winch","noindex-then-410","doorway/thin duplicate"
"https://winch-elsuez.com/winch/%D9%83%D8%B1%D8%AF%D8%A7%D8%B3%D8%A9/","winch","noindex-then-410","doorway/thin duplicate"
"https://winch-elsuez.com/winch/%D9%86%D8%A7%D9%87%D9%8A%D8%A7-%D9%83%D8%B1%D8%AF%D8%A7%D8%B3%D9%87/","winch","noindex-then-410","doorway/thin duplicate"
"https://winch-elsuez.com/winch/%D8%B4%D8%A8%D8%B1%D8%A7-%D8%A7%D9%84%D8%AE%D9%8A%D9%85%D9%87/","winch","noindex-then-410","doorway/thin duplicate"
"https://winch-elsuez.com/winch/%D9%83%D9%88%D8%B1%D9%86%D9%8A%D8%B4-%D8%A7%D9%84%D9%86%D9%8A%D9%84/","winch","noindex-then-410","doorway/thin duplicate"
"https://winch-elsuez.com/winch/%D9%86%D9%8A%D9%88-%D8%AC%D9%8A%D8%B2%D9%87/","winch","noindex-then-410","doorway/thin duplicate"
"https://winch-elsuez.com/winch/%D8%A7%D9%85%D8%A8%D8%A7%D8%A8%D9%87/","winch","noindex-then-410","doorway/thin duplicate"
"https://winch-elsuez.com/winch/%D8%A7%D9%84%D9%85%D8%B7%D8%A8%D8%B9%D8%A9/","winch","noindex-then-410","doorway/thin duplicate"
"https://winch-elsuez.com/winch/%D8%A7%D9%84%D8%B1%D9%85%D8%A7%D9%8A%D8%A9/","winch","noindex-then-410","doorway/thin duplicate"
"https://winch-elsuez.com/winch/%D9%85%D9%8A%D8%AF%D8%A7%D9%86-%D8%A7%D9%84%D8%B1%D9%85%D8%A7%D9%8A%D8%A9/","winch","noindex-then-410","doorway/thin duplicate"
"https://winch-elsuez.com/winch/%D8%A7%D9%84%D8%A8%D8%AD%D8%B1-%D8%A7%D9%84%D8%A3%D8%B9%D8%B8%D9%85/","winch","noindex-then-410","doorway/thin duplicate"
"https://winch-elsuez.com/winch/%D8%B4%D8%A7%D8%B1%D8%B9-%D9%85%D8%B1%D8%A7%D8%AF/","winch","noindex-then-410","doorway/thin duplicate"
"https://winch-elsuez.com/winch/%D8%A3%D8%B1%D8%B6-%D8%A7%D9%84%D9%84%D9%88%D8%A7%D8%A1/","winch","noindex-then-410","doorway/thin duplicate"
"https://winch-elsuez.com/winch/%D8%B7%D8%B1%D9%8A%D9%82-%D8%A7%D9%84%D9%85%D9%86%D8%B5%D9%88%D8%B1%D9%8A%D8%A9/","winch","noindex-then-410","doorway/thin duplicate"
"https://winch-elsuez.com/winch/%D8%B7%D8%B1%D9%8A%D9%82-%D8%B3%D9%82%D8%A7%D8%B1%D8%A9/","winch","noindex-then-410","doorway/thin duplicate"
"https://winch-elsuez.com/winch/%D8%B7%D8%B1%D9%8A%D9%82-%D8%B3%D9%82%D8%A7%D8%B1%D8%A9-%D8%A7%D9%84%D8%B3%D9%8A%D8%A7%D8%AD%D9%8A/","winch","noindex-then-410","doorway/thin duplicate"
"https://winch-elsuez.com/winch/%D8%B4%D8%A8%D8%B1%D8%A7%D9%85%D9%86%D8%AA/","winch","noindex-then-410","doorway/thin duplicate"
"https://winch-elsuez.com/winch/%D8%A7%D8%A8%D9%88-%D8%B5%D9%8A%D8%B1/","winch","noindex-then-410","doorway/thin duplicate"
"https://winch-elsuez.com/winch/%D9%85%D9%8A%D8%AA-%D8%B1%D9%87%D9%8A%D9%86%D8%A9/","winch","noindex-then-410","doorway/thin duplicate"
"https://winch-elsuez.com/winch/%D8%B7%D8%B1%D9%8A%D9%82-%D8%AF%D9%87%D8%B4%D9%88%D8%B1/","winch","noindex-then-410","doorway/thin duplicate"
"https://winch-elsuez.com/winch/%D9%88%D8%B5%D9%84%D8%A9-%D8%AF%D9%87%D8%B4%D9%88%D8%B1/","winch","noindex-then-410","doorway/thin duplicate"
"https://winch-elsuez.com/winch/%D8%B7%D8%B1%D9%8A%D9%82-%D8%A7%D9%84%D9%81%D9%8A%D9%88%D9%85-%D8%A7%D9%84%D8%B5%D8%AD%D8%B1%D8%A7%D9%88%D9%8A/","winch","noindex-then-410","doorway/thin duplicate"
"https://winch-elsuez.com/winch/%D9%83%D9%85%D8%A8%D9%88%D9%86%D8%AF-%D8%B3%D9%88%D8%AF%D9%8A%D9%83-%D9%88%D9%8A%D8%B3%D8%AA/","winch","noindex-then-410","doorway/thin duplicate"
"https://winch-elsuez.com/winch/%D9%83%D9%85%D8%A8%D9%88%D9%86%D8%AF-%D8%A8%D9%8A%D9%81%D8%B1%D9%84%D9%8A-%D9%87%D9%8A%D9%84%D8%B2-%D8%B2%D8%A7%D9%8A%D8%AF/","winch","noindex-then-410","doorway/thin duplicate"
"https://winch-elsuez.com/winch/%D8%AD%D8%AF%D8%A7%D8%A6%D9%82-%D8%A7%D9%84%D8%B4%D9%8A%D8%AE-%D8%B2%D8%A7%D9%8A%D8%AF/","winch","noindex-then-410","doorway/thin duplicate"
"https://winch-elsuez.com/winch/%D8%B4%D8%A7%D8%B1%D8%B9-%D8%AC%D8%A7%D9%85%D8%B9%D8%A9-%D8%A7%D9%84%D8%AF%D9%88%D9%84-%D8%A7%D9%84%D8%B9%D8%B1%D8%A8%D9%8A%D8%A9/","winch","noindex-then-410","doorway/thin duplicate"
"https://winch-elsuez.com/winch/%D8%AC%D8%A7%D9%85%D8%B9%D8%A9-%D8%A7%D9%84%D9%82%D8%A7%D9%87%D8%B1%D8%A9/","winch","noindex-then-410","doorway/thin duplicate"
"https://winch-elsuez.com/winch/%D8%B4%D8%A7%D8%B1%D8%B9-%D8%A7%D9%84%D8%AA%D8%AD%D8%B1%D9%8A%D8%B1-%D9%85%D8%AF%D9%8A%D9%86%D8%A9-%D8%A7%D9%84%D8%AC%D9%8A%D8%B2%D8%A9/","winch","noindex-then-410","doorway/thin duplicate"
"https://winch-elsuez.com/winch/%D9%85%D9%8A%D8%AF%D8%A7%D9%86-%D8%A7%D9%84%D9%86%D9%87%D8%B6%D8%A9/","winch","noindex-then-410","doorway/thin duplicate"
"https://winch-elsuez.com/winch/%D8%B4%D8%A7%D8%B1%D8%B9-%D8%A7%D9%84%D9%87%D8%B1%D9%85/","winch","noindex-then-410","doorway/thin duplicate"
"https://winch-elsuez.com/winch/%D8%B4%D8%A7%D8%B1%D8%B9-%D9%81%D9%8A%D8%B5%D9%84/","winch","noindex-then-410","doorway/thin duplicate"
"https://winch-elsuez.com/winch/%D9%85%D9%8A%D8%AF%D8%A7%D9%86-%D8%A7%D9%84%D8%AC%D9%8A%D8%B2%D8%A9/","winch","noindex-then-410","doorway/thin duplicate"
"https://winch-elsuez.com/winch/%D8%A7%D9%84%D9%85%D9%86%D9%8A%D8%A8/","winch","noindex-then-410","doorway/thin duplicate"
"https://winch-elsuez.com/winch/%D8%B3%D8%A7%D9%82%D9%8A%D8%A9-%D9%85%D9%83%D9%8A/","winch","noindex-then-410","doorway/thin duplicate"
"https://winch-elsuez.com/winch/%D9%83%D9%81%D8%B1-%D8%B7%D9%87%D8%B1%D9%85%D8%B3/","winch","noindex-then-410","doorway/thin duplicate"
"https://winch-elsuez.com/winch/%D9%86%D8%B5%D8%B1-%D8%A7%D9%84%D8%AF%D9%8A%D9%86/","winch","noindex-then-410","doorway/thin duplicate"
"https://winch-elsuez.com/winch/%D8%AE%D8%A7%D8%AA%D9%85-%D8%A7%D9%84%D9%85%D8%B1%D8%B3%D9%84%D9%8A%D9%86/","winch","noindex-then-410","doorway/thin duplicate"
"https://winch-elsuez.com/winch/%D8%A7%D9%84%D8%AD%D8%B3%D9%86-%D9%85%D8%AD%D9%85%D8%AF/","winch","noindex-then-410","doorway/thin duplicate"
"https://winch-elsuez.com/winch/%D8%A7%D9%84%D9%84%D8%A8%D9%8A%D9%86%D9%8A/","winch","noindex-then-410","doorway/thin duplicate"
"https://winch-elsuez.com/winch/%D8%B4%D8%A7%D8%B1%D8%B9-%D8%A7%D9%84%D8%B9%D8%B4%D8%B1%D9%8A%D9%86/","winch","noindex-then-410","doorway/thin duplicate"
"https://winch-elsuez.com/winch/%D8%B4%D8%A7%D8%B1%D8%B9-%D8%A7%D9%84%D8%A8%D8%AD%D8%B1-%D8%A7%D9%84%D8%A3%D8%B9%D8%B8%D9%85/","winch","noindex-then-410","doorway/thin duplicate"
"https://winch-elsuez.com/winch/%D8%B4%D8%A7%D8%B1%D8%B9-%D9%88%D8%A7%D8%AF%D9%8A-%D8%A7%D9%84%D9%86%D9%8A%D9%84/","winch","noindex-then-410","doorway/thin duplicate"
"https://winch-elsuez.com/winch/%D9%85%D9%8A%D8%AF%D8%A7%D9%86-%D8%B3%D9%81%D9%86%D9%83%D8%B3/","winch","noindex-then-410","doorway/thin duplicate"
"https://winch-elsuez.com/winch/%D8%A7%D8%AD%D9%85%D8%AF-%D8%B9%D8%B1%D8%A7%D8%A8%D9%8A/","winch","noindex-then-410","doorway/thin duplicate"
"https://winch-elsuez.com/winch/%D8%A7%D9%84%D8%A8%D8%AD%D9%88%D8%AB/","winch","noindex-then-410","doorway/thin duplicate"
"https://winch-elsuez.com/winch/%D8%A7%D9%84%D9%82%D8%B1%D9%8A%D9%87-%D8%A7%D9%84%D9%81%D8%B1%D8%B9%D9%88%D9%86%D9%8A%D8%A9/","winch","noindex-then-410","doorway/thin duplicate"
"https://winch-elsuez.com/winch/%D8%A7%D9%84%D9%85%D9%86%D8%B4%D9%8A%D9%87/","winch","noindex-then-410","doorway/thin duplicate"
"https://winch-elsuez.com/winch/%D8%A7%D9%84%D8%B7%D9%88%D8%A7%D8%A8%D9%82/","winch","noindex-then-410","doorway/thin duplicate"
"https://winch-elsuez.com/winch/%D8%A8%D9%88%D9%84%D8%A7%D9%82-%D8%A7%D9%84%D8%AF%D9%83%D8%B1%D9%88%D8%B1/","winch","noindex-then-410","doorway/thin duplicate"
"https://winch-elsuez.com/winch/%D8%B5%D9%81%D8%B7-%D8%A7%D9%84%D9%84%D8%A8%D9%86/","winch","noindex-then-410","doorway/thin duplicate"
"https://winch-elsuez.com/winch/%D8%A3%D8%A8%D9%88-%D8%B1%D9%88%D8%A7%D8%B4/","winch","noindex-then-410","doorway/thin duplicate"
"https://winch-elsuez.com/winch/%D8%A7%D9%84%D8%AD%D9%88%D8%A7%D9%85%D8%AF%D9%8A%D8%A9/","winch","noindex-then-410","doorway/thin duplicate"
"https://winch-elsuez.com/winch/%D8%A7%D9%84%D8%A8%D8%AF%D8%B1%D8%B4%D9%8A%D9%86/","winch","noindex-then-410","doorway/thin duplicate"
"https://winch-elsuez.com/winch/%D8%A7%D9%84%D8%A5%D8%B3%D9%83%D9%86%D8%AF%D8%B1%D9%8A%D8%A9/","winch","noindex-then-410","doorway/thin duplicate"
"https://winch-elsuez.com/winch/%D8%B3%D9%85%D9%88%D8%AD%D8%A9/","winch","noindex-then-410","doorway/thin duplicate"
"https://winch-elsuez.com/winch/%D8%B3%D9%8A%D8%AF%D9%8A-%D8%AC%D8%A7%D8%A8%D8%B1/","winch","noindex-then-410","doorway/thin duplicate"
"https://winch-elsuez.com/winch/%D9%85%D8%AD%D8%B7%D8%A9-%D8%A7%D9%84%D8%B1%D9%85%D9%84/","winch","noindex-then-410","doorway/thin duplicate"
"https://winch-elsuez.com/winch/%D8%A7%D9%84%D9%85%D9%86%D8%B4%D9%8A%D8%A9/","winch","noindex-then-410","doorway/thin duplicate"
"https://winch-elsuez.com/winch/%D8%A8%D8%AD%D8%B1%D9%8A/","winch","noindex-then-410","doorway/thin duplicate"
"https://winch-elsuez.com/winch/%D9%83%D8%B1%D9%85%D9%88%D8%B2/","winch","noindex-then-410","doorway/thin duplicate"
"https://winch-elsuez.com/winch/%D9%85%D8%AD%D8%B1%D9%85-%D8%A8%D9%83/","winch","noindex-then-410","doorway/thin duplicate"
"https://winch-elsuez.com/winch/%D8%A7%D9%84%D8%B9%D8%B7%D8%A7%D8%B1%D9%8A%D9%86/","winch","noindex-then-410","doorway/thin duplicate"
"https://winch-elsuez.com/winch/%D8%A7%D9%84%D8%B4%D8%A7%D8%B7%D8%A8%D9%8A/","winch","noindex-then-410","doorway/thin duplicate"
"https://winch-elsuez.com/winch/%D9%83%D8%A7%D9%85%D8%A8-%D8%B4%D9%8A%D8%B2%D8%A7%D8%B1/","winch","noindex-then-410","doorway/thin duplicate"
"https://winch-elsuez.com/winch/%D8%A7%D9%84%D8%A5%D8%A8%D8%B1%D8%A7%D9%87%D9%8A%D9%85%D9%8A%D8%A9/","winch","noindex-then-410","doorway/thin duplicate"
"https://winch-elsuez.com/winch/%D8%B3%D8%A8%D9%88%D8%B1%D8%AA%D9%86%D8%AC/","winch","noindex-then-410","doorway/thin duplicate"
"https://winch-elsuez.com/winch/%D9%83%D9%84%D9%8A%D9%88%D8%A8%D8%A7%D8%AA%D8%B1%D8%A7/","winch","noindex-then-410","doorway/thin duplicate"
"https://winch-elsuez.com/winch/%D8%B3%D9%8A%D8%AF%D9%8A-%D8%A8%D8%B4%D8%B1/","winch","noindex-then-410","doorway/thin duplicate"
"https://winch-elsuez.com/winch/%D9%85%D9%8A%D8%A7%D9%85%D9%8A/","winch","noindex-then-410","doorway/thin duplicate"
"https://winch-elsuez.com/winch/%D8%A7%D9%84%D8%B9%D8%B5%D8%A7%D9%81%D8%B1%D8%A9/","winch","noindex-then-410","doorway/thin duplicate"
"https://winch-elsuez.com/winch/%D8%A7%D9%84%D9%85%D9%86%D8%AF%D8%B1%D8%A9/","winch","noindex-then-410","doorway/thin duplicate"
"https://winch-elsuez.com/winch/%D8%A7%D9%84%D9%85%D8%B9%D9%85%D9%88%D8%B1%D8%A9/","winch","noindex-then-410","doorway/thin duplicate"
"https://winch-elsuez.com/winch/%D8%A3%D8%A8%D9%88-%D9%82%D9%8A%D8%B1/","winch","noindex-then-410","doorway/thin duplicate"
"https://winch-elsuez.com/winch/%D8%A7%D9%84%D8%B9%D8%AC%D9%85%D9%8A/","winch","noindex-then-410","doorway/thin duplicate"
"https://winch-elsuez.com/winch/%D8%A7%D9%84%D9%87%D8%A7%D9%86%D9%88%D9%81%D9%8A%D9%84/","winch","noindex-then-410","doorway/thin duplicate"
"https://winch-elsuez.com/winch/%D8%A7%D9%84%D8%A8%D9%8A%D8%B7%D8%A7%D8%B4/","winch","noindex-then-410","doorway/thin duplicate"
"https://winch-elsuez.com/winch/%D8%A7%D9%84%D8%AF%D8%AE%D9%8A%D9%84%D8%A9/","winch","noindex-then-410","doorway/thin duplicate"
"https://winch-elsuez.com/winch/%D8%A7%D9%84%D9%85%D9%83%D8%B3/","winch","noindex-then-410","doorway/thin duplicate"
"https://winch-elsuez.com/winch/%D8%A7%D9%84%D9%88%D8%B1%D8%AF%D9%8A%D8%A7%D9%86/","winch","noindex-then-410","doorway/thin duplicate"
"https://winch-elsuez.com/winch/%D8%A7%D9%84%D9%82%D8%A8%D8%A7%D8%B1%D9%8A/","winch","noindex-then-410","doorway/thin duplicate"
"https://winch-elsuez.com/winch/%D8%A7%D9%84%D8%B9%D8%A7%D9%85%D8%B1%D9%8A%D8%A9/","winch","noindex-then-410","doorway/thin duplicate"
"https://winch-elsuez.com/winch/%D9%83%D9%8A%D9%86%D8%AC-%D9%85%D8%B1%D9%8A%D9%88%D8%B7/","winch","noindex-then-410","doorway/thin duplicate"
"https://winch-elsuez.com/winch/%D8%A8%D8%B1%D8%AC-%D8%A7%D9%84%D8%B9%D8%B1%D8%A8/","winch","noindex-then-410","doorway/thin duplicate"
"https://winch-elsuez.com/winch/%D8%A8%D8%B1%D8%AC-%D8%A7%D9%84%D8%B9%D8%B1%D8%A8-%D8%A7%D9%84%D8%AC%D8%AF%D9%8A%D8%AF%D8%A9/","winch","noindex-then-410","doorway/thin duplicate"
"https://winch-elsuez.com/winch/%D8%A7%D9%84%D8%B3%D8%A7%D8%AD%D9%84-%D8%A7%D9%84%D8%B4%D9%85%D8%A7%D9%84%D9%8A/","winch","noindex-then-410","doorway/thin duplicate"
"https://winch-elsuez.com/winch/%D8%B7%D8%B1%D9%8A%D9%82-%D8%A7%D9%84%D8%A5%D8%B3%D9%83%D9%86%D8%AF%D8%B1%D9%8A%D8%A9-%D8%A7%D9%84%D8%B5%D8%AD%D8%B1%D8%A7%D9%88%D9%8A/","winch","noindex-then-410","doorway/thin duplicate"
"https://winch-elsuez.com/winch/%D8%B7%D8%B1%D9%8A%D9%82-%D8%A7%D9%84%D8%A5%D8%B3%D9%83%D9%86%D8%AF%D8%B1%D9%8A%D8%A9-%D8%A7%D9%84%D8%B2%D8%B1%D8%A7%D8%B9%D9%8A/","winch","noindex-then-410","doorway/thin duplicate"
"https://winch-elsuez.com/winch/%D8%B7%D8%B1%D9%8A%D9%82-%D8%A7%D9%84%D9%85%D9%84%D8%A7%D8%AD%D8%A7%D8%AA/","winch","noindex-then-410","doorway/thin duplicate"
"https://winch-elsuez.com/winch/%D9%85%D8%AD%D9%88%D8%B1-%D8%A7%D9%84%D8%AA%D8%B9%D9%85%D9%8A%D8%B1/","winch","noindex-then-410","doorway/thin duplicate"
"https://winch-elsuez.com/winch/%D9%85%D8%AD%D9%88%D8%B1-%D8%A7%D9%84%D9%85%D8%AD%D9%85%D9%88%D8%AF%D9%8A%D8%A9/","winch","noindex-then-410","doorway/thin duplicate"
"https://winch-elsuez.com/winch/%D9%83%D9%88%D8%A8%D8%B1%D9%8A-45/","winch","noindex-then-410","doorway/thin duplicate"
"https://winch-elsuez.com/winch/%D9%83%D9%88%D8%A8%D8%B1%D9%8A-%D8%B3%D8%AA%D8%A7%D9%86%D9%84%D9%8A/","winch","noindex-then-410","doorway/thin duplicate"
"https://winch-elsuez.com/winch/%D8%B1%D8%B4%D8%AF%D9%8A/","winch","noindex-then-410","doorway/thin duplicate"
"https://winch-elsuez.com/winch/%D9%83%D9%81%D8%B1-%D8%B9%D8%A8%D8%AF%D9%87/","winch","noindex-then-410","doorway/thin duplicate"
"https://winch-elsuez.com/winch/%D8%B2%D9%8A%D8%B2%D9%8A%D9%86%D9%8A%D8%A7/","winch","noindex-then-410","doorway/thin duplicate"
"https://winch-elsuez.com/winch/%D8%AC%D9%86%D8%A7%D9%83%D9%84%D9%8A%D8%B3/","winch","noindex-then-410","doorway/thin duplicate"
"https://winch-elsuez.com/winch/%D8%B3%D8%A7%D9%86-%D8%B3%D8%AA%D9%8A%D9%81%D8%A7%D9%86%D9%88/","winch","noindex-then-410","doorway/thin duplicate"
"https://winch-elsuez.com/winch/%D8%AB%D8%B1%D9%88%D8%AA/","winch","noindex-then-410","doorway/thin duplicate"
"https://winch-elsuez.com/winch/%D9%84%D9%88%D8%B1%D8%A7%D9%86/","winch","noindex-then-410","doorway/thin duplicate"
"https://winch-elsuez.com/winch/%D8%A7%D9%84%D8%B3%D8%B1%D8%A7%D9%8A%D8%A7/","winch","noindex-then-410","doorway/thin duplicate"
"https://winch-elsuez.com/winch/%D9%81%D9%8A%D9%83%D8%AA%D9%88%D8%B1%D9%8A%D8%A7/","winch","noindex-then-410","doorway/thin duplicate"
"https://winch-elsuez.com/winch/%D8%A7%D9%84%D8%B3%D9%8A%D9%88%D9%81/","winch","noindex-then-410","doorway/thin duplicate"
"https://winch-elsuez.com/winch/%D8%A7%D9%84%D8%B9%D9%88%D8%A7%D9%8A%D8%AF/","winch","noindex-then-410","doorway/thin duplicate"
"https://winch-elsuez.com/winch/%D8%A7%D9%84%D8%B1%D8%A3%D8%B3-%D8%A7%D9%84%D8%B3%D9%88%D8%AF%D8%A7%D8%A1/","winch","noindex-then-410","doorway/thin duplicate"
"https://winch-elsuez.com/winch/%D8%B3%D9%8A%D8%AF%D9%8A-%D9%83%D8%B1%D9%8A%D8%B1/","winch","noindex-then-410","doorway/thin duplicate"
"https://winch-elsuez.com/winch/%D8%B7%D8%B1%D9%8A%D9%82-%D8%A7%D9%84%D8%B3%D8%A7%D8%AD%D9%84/","winch","noindex-then-410","doorway/thin duplicate"
"https://winch-elsuez.com/winch/%D8%B7%D8%B1%D9%8A%D9%82-%D8%A7%D9%84%D8%AC%D9%8A%D8%B4/","winch","noindex-then-410","doorway/thin duplicate"
"https://winch-elsuez.com/winch/%D8%B4%D8%A7%D8%B1%D8%B9-%D8%A8%D9%88%D8%B1%D8%B3%D8%B9%D9%8A%D8%AF-%D8%A7%D9%84%D8%A5%D8%B3%D9%83%D9%86%D8%AF%D8%B1%D9%8A%D8%A9/","winch","noindex-then-410","doorway/thin duplicate"
"https://winch-elsuez.com/winch/%D8%B4%D8%A7%D8%B1%D8%B9-%D8%A3%D8%A8%D9%88-%D9%82%D9%8A%D8%B1/","winch","noindex-then-410","doorway/thin duplicate"
"https://winch-elsuez.com/winch/%D8%B4%D8%A7%D8%B1%D8%B9-%D8%AC%D9%85%D8%A7%D9%84-%D8%B9%D8%A8%D8%AF-%D8%A7%D9%84%D9%86%D8%A7%D8%B5%D8%B1-%D8%A7%D9%84%D8%A5%D8%B3%D9%83%D9%86%D8%AF%D8%B1%D9%8A%D8%A9/","winch","noindex-then-410","doorway/thin duplicate"
"https://winch-elsuez.com/winch/%D8%A8%D9%88%D8%B1%D8%B3%D8%B9%D9%8A%D8%AF/","winch","noindex-then-410","doorway/thin duplicate"
"https://winch-elsuez.com/winch/%D8%A8%D9%88%D8%B1%D9%81%D8%A4%D8%A7%D8%AF/","winch","noindex-then-410","doorway/thin duplicate"
"https://winch-elsuez.com/winch/%D8%A7%D9%84%D8%B9%D8%B1%D8%A8/","winch","noindex-then-410","doorway/thin duplicate"
"https://winch-elsuez.com/winch/%D8%A7%D9%84%D8%B2%D9%87%D9%88%D8%B1/","winch","noindex-then-410","doorway/thin duplicate"
"https://winch-elsuez.com/winch/%D8%A7%D9%84%D8%B4%D8%B1%D9%82/","winch","noindex-then-410","doorway/thin duplicate"
"https://winch-elsuez.com/winch/%D8%A7%D9%84%D8%B6%D9%88%D8%A7%D8%AD%D9%8A/","winch","noindex-then-410","doorway/thin duplicate"
"https://winch-elsuez.com/winch/%D8%A7%D9%84%D9%85%D9%86%D8%A7%D8%AE/","winch","noindex-then-410","doorway/thin duplicate"
"https://winch-elsuez.com/winch/%D9%85%D8%A8%D8%A7%D8%B1%D9%83/","winch","noindex-then-410","doorway/thin duplicate"
"https://winch-elsuez.com/winch/%D8%B4%D9%85%D8%A7%D9%84-%D8%B3%D9%8A%D9%86%D8%A7%D8%A1/","winch","noindex-then-410","doorway/thin duplicate"
"https://winch-elsuez.com/winch/%D8%A7%D9%84%D8%B9%D8%B1%D9%8A%D8%B4/","winch","noindex-then-410","doorway/thin duplicate"
"https://winch-elsuez.com/winch/%D8%A7%D9%84%D8%B4%D9%8A%D8%AE-%D8%B2%D9%88%D9%8A%D8%AF/","winch","noindex-then-410","doorway/thin duplicate"
"https://winch-elsuez.com/winch/%D9%86%D8%AE%D9%84/","winch","noindex-then-410","doorway/thin duplicate"
"https://winch-elsuez.com/winch/%D8%B1%D9%81%D8%AD/","winch","noindex-then-410","doorway/thin duplicate"
"https://winch-elsuez.com/winch/%D8%A8%D8%A6%D8%B1-%D8%A7%D9%84%D8%B9%D8%A8%D8%AF/","winch","noindex-then-410","doorway/thin duplicate"
"https://winch-elsuez.com/winch/%D8%A7%D9%84%D8%AD%D8%B3%D9%86%D8%A9/","winch","noindex-then-410","doorway/thin duplicate"
"https://winch-elsuez.com/winch/%D8%AC%D9%86%D9%88%D8%A8-%D8%B3%D9%8A%D9%86%D8%A7%D8%A1/","winch","noindex-then-410","doorway/thin duplicate"
"https://winch-elsuez.com/winch/%D8%A7%D9%84%D8%B7%D9%88%D8%B1/","winch","noindex-then-410","doorway/thin duplicate"
"https://winch-elsuez.com/winch/%D8%B4%D8%B1%D9%85-%D8%A7%D9%84%D8%B4%D9%8A%D8%AE/","winch","noindex-then-410","doorway/thin duplicate"
"https://winch-elsuez.com/winch/%D8%B7%D8%B1%D9%8A%D9%82-%D8%B4%D8%B1%D9%85-%D8%A7%D9%84%D8%B4%D9%8A%D8%AE/","winch","noindex-then-410","doorway/thin duplicate"
"https://winch-elsuez.com/winch/%D8%AF%D9%87%D8%A8/","winch","noindex-then-410","doorway/thin duplicate"
"https://winch-elsuez.com/winch/%D9%86%D9%88%D9%8A%D8%A8%D8%B9/","winch","noindex-then-410","doorway/thin duplicate"
"https://winch-elsuez.com/winch/%D8%B7%D8%A7%D8%A8%D8%A7/","winch","noindex-then-410","doorway/thin duplicate"
"https://winch-elsuez.com/winch/%D8%B3%D8%A7%D9%86%D8%AA-%D9%83%D8%A7%D8%AA%D8%B1%D9%8A%D9%86/","winch","noindex-then-410","doorway/thin duplicate"
"https://winch-elsuez.com/winch/%D8%A7%D8%A8%D9%88%D8%B1%D8%AF%D9%8A%D8%B3/","winch","noindex-then-410","doorway/thin duplicate"
"https://winch-elsuez.com/winch/%D8%A3%D8%A8%D9%88-%D8%B2%D9%86%D9%8A%D9%85%D8%A9/","winch","noindex-then-410","doorway/thin duplicate"
"https://winch-elsuez.com/winch/%D8%A7%D9%84%D8%A8%D8%AD%D8%B1-%D8%A7%D9%84%D8%A3%D8%AD%D9%85%D8%B1/","winch","noindex-then-410","doorway/thin duplicate"
"https://winch-elsuez.com/winch/%D8%A7%D9%84%D8%BA%D8%B1%D8%AF%D9%82%D8%A9/","winch","noindex-then-410","doorway/thin duplicate"
"https://winch-elsuez.com/winch/%D8%B3%D9%81%D8%A7%D8%AC%D8%A7/","winch","noindex-then-410","doorway/thin duplicate"
"https://winch-elsuez.com/winch/%D8%A7%D9%84%D9%82%D8%B5%D9%8A%D8%B1/","winch","noindex-then-410","doorway/thin duplicate"
"https://winch-elsuez.com/winch/%D9%85%D8%B1%D8%B3%D9%89-%D8%B9%D9%84%D9%85/","winch","noindex-then-410","doorway/thin duplicate"
"https://winch-elsuez.com/winch/%D8%A7%D9%84%D8%B4%D9%84%D8%A7%D8%AA%D9%8A%D9%86/","winch","noindex-then-410","doorway/thin duplicate"
"https://winch-elsuez.com/winch/%D8%AD%D9%84%D8%A7%D9%8A%D8%A8/","winch","noindex-then-410","doorway/thin duplicate"
"https://winch-elsuez.com/winch/%D9%85%D8%AD%D9%88%D8%B1-30-%D9%8A%D9%88%D9%86%D9%8A%D9%88/","winch","keep","suez cluster - ADDED C3 fix (was missing)"
"https://winch-elsuez.com/reviews/","core","keep","new - T025 to build"
"https://winch-elsuez.com/faq/","core","keep","new - T025 to build"
"https://winch-elsuez.com/emergency/","core","keep","new - to build"
